-- MySQL dump 10.13  Distrib 8.0.42, for Win64 (x86_64)
--
-- Host: localhost    Database: movie_rating_db
-- ------------------------------------------------------
-- Server version	8.0.42

/*!40101 SET @OLD_CHARACTER_SET_CLIENT=@@CHARACTER_SET_CLIENT */;
/*!40101 SET @OLD_CHARACTER_SET_RESULTS=@@CHARACTER_SET_RESULTS */;
/*!40101 SET @OLD_COLLATION_CONNECTION=@@COLLATION_CONNECTION */;
/*!50503 SET NAMES utf8mb4 */;
/*!40103 SET @OLD_TIME_ZONE=@@TIME_ZONE */;
/*!40103 SET TIME_ZONE='+00:00' */;
/*!40014 SET @OLD_UNIQUE_CHECKS=@@UNIQUE_CHECKS, UNIQUE_CHECKS=0 */;
/*!40014 SET @OLD_FOREIGN_KEY_CHECKS=@@FOREIGN_KEY_CHECKS, FOREIGN_KEY_CHECKS=0 */;
/*!40101 SET @OLD_SQL_MODE=@@SQL_MODE, SQL_MODE='NO_AUTO_VALUE_ON_ZERO' */;
/*!40111 SET @OLD_SQL_NOTES=@@SQL_NOTES, SQL_NOTES=0 */;

--
-- Table structure for table `auth_group`
--

DROP TABLE IF EXISTS `auth_group`;
/*!40101 SET @saved_cs_client     = @@character_set_client */;
/*!50503 SET character_set_client = utf8mb4 */;
CREATE TABLE `auth_group` (
  `id` int NOT NULL AUTO_INCREMENT,
  `name` varchar(150) COLLATE utf8mb4_unicode_ci NOT NULL,
  PRIMARY KEY (`id`),
  UNIQUE KEY `name` (`name`)
) ENGINE=InnoDB DEFAULT CHARSET=utf8mb4 COLLATE=utf8mb4_unicode_ci;
/*!40101 SET character_set_client = @saved_cs_client */;

--
-- Dumping data for table `auth_group`
--

LOCK TABLES `auth_group` WRITE;
/*!40000 ALTER TABLE `auth_group` DISABLE KEYS */;
/*!40000 ALTER TABLE `auth_group` ENABLE KEYS */;
UNLOCK TABLES;

--
-- Table structure for table `auth_group_permissions`
--

DROP TABLE IF EXISTS `auth_group_permissions`;
/*!40101 SET @saved_cs_client     = @@character_set_client */;
/*!50503 SET character_set_client = utf8mb4 */;
CREATE TABLE `auth_group_permissions` (
  `id` bigint NOT NULL AUTO_INCREMENT,
  `group_id` int NOT NULL,
  `permission_id` int NOT NULL,
  PRIMARY KEY (`id`),
  UNIQUE KEY `auth_group_permissions_group_id_permission_id_0cd325b0_uniq` (`group_id`,`permission_id`),
  KEY `auth_group_permissio_permission_id_84c5c92e_fk_auth_perm` (`permission_id`),
  CONSTRAINT `auth_group_permissio_permission_id_84c5c92e_fk_auth_perm` FOREIGN KEY (`permission_id`) REFERENCES `auth_permission` (`id`),
  CONSTRAINT `auth_group_permissions_group_id_b120cbf9_fk_auth_group_id` FOREIGN KEY (`group_id`) REFERENCES `auth_group` (`id`)
) ENGINE=InnoDB DEFAULT CHARSET=utf8mb4 COLLATE=utf8mb4_unicode_ci;
/*!40101 SET character_set_client = @saved_cs_client */;

--
-- Dumping data for table `auth_group_permissions`
--

LOCK TABLES `auth_group_permissions` WRITE;
/*!40000 ALTER TABLE `auth_group_permissions` DISABLE KEYS */;
/*!40000 ALTER TABLE `auth_group_permissions` ENABLE KEYS */;
UNLOCK TABLES;

--
-- Table structure for table `auth_permission`
--

DROP TABLE IF EXISTS `auth_permission`;
/*!40101 SET @saved_cs_client     = @@character_set_client */;
/*!50503 SET character_set_client = utf8mb4 */;
CREATE TABLE `auth_permission` (
  `id` int NOT NULL AUTO_INCREMENT,
  `name` varchar(255) COLLATE utf8mb4_unicode_ci NOT NULL,
  `content_type_id` int NOT NULL,
  `codename` varchar(100) COLLATE utf8mb4_unicode_ci NOT NULL,
  PRIMARY KEY (`id`),
  UNIQUE KEY `auth_permission_content_type_id_codename_01ab375a_uniq` (`content_type_id`,`codename`),
  CONSTRAINT `auth_permission_content_type_id_2f476e4b_fk_django_co` FOREIGN KEY (`content_type_id`) REFERENCES `django_content_type` (`id`)
) ENGINE=InnoDB AUTO_INCREMENT=53 DEFAULT CHARSET=utf8mb4 COLLATE=utf8mb4_unicode_ci;
/*!40101 SET character_set_client = @saved_cs_client */;

--
-- Dumping data for table `auth_permission`
--

LOCK TABLES `auth_permission` WRITE;
/*!40000 ALTER TABLE `auth_permission` DISABLE KEYS */;
INSERT INTO `auth_permission` VALUES (1,'Can add log entry',1,'add_logentry'),(2,'Can change log entry',1,'change_logentry'),(3,'Can delete log entry',1,'delete_logentry'),(4,'Can view log entry',1,'view_logentry'),(5,'Can add permission',2,'add_permission'),(6,'Can change permission',2,'change_permission'),(7,'Can delete permission',2,'delete_permission'),(8,'Can view permission',2,'view_permission'),(9,'Can add group',3,'add_group'),(10,'Can change group',3,'change_group'),(11,'Can delete group',3,'delete_group'),(12,'Can view group',3,'view_group'),(13,'Can add user',4,'add_user'),(14,'Can change user',4,'change_user'),(15,'Can delete user',4,'delete_user'),(16,'Can view user',4,'view_user'),(17,'Can add content type',5,'add_contenttype'),(18,'Can change content type',5,'change_contenttype'),(19,'Can delete content type',5,'delete_contenttype'),(20,'Can view content type',5,'view_contenttype'),(21,'Can add session',6,'add_session'),(22,'Can change session',6,'change_session'),(23,'Can delete session',6,'delete_session'),(24,'Can view session',6,'view_session'),(25,'Can add movie',7,'add_movie'),(26,'Can change movie',7,'change_movie'),(27,'Can delete movie',7,'delete_movie'),(28,'Can view movie',7,'view_movie'),(29,'Can add person',8,'add_person'),(30,'Can change person',8,'change_person'),(31,'Can delete person',8,'delete_person'),(32,'Can view person',8,'view_person'),(33,'Can add movie genre',9,'add_moviegenre'),(34,'Can change movie genre',9,'change_moviegenre'),(35,'Can delete movie genre',9,'delete_moviegenre'),(36,'Can view movie genre',9,'view_moviegenre'),(37,'Can add user',10,'add_user'),(38,'Can change user',10,'change_user'),(39,'Can delete user',10,'delete_user'),(40,'Can view user',10,'view_user'),(41,'Can add movie actor',11,'add_movieactor'),(42,'Can change movie actor',11,'change_movieactor'),(43,'Can delete movie actor',11,'delete_movieactor'),(44,'Can view movie actor',11,'view_movieactor'),(45,'Can add genre',12,'add_genre'),(46,'Can change genre',12,'change_genre'),(47,'Can delete genre',12,'delete_genre'),(48,'Can view genre',12,'view_genre'),(49,'Can add rating',13,'add_rating'),(50,'Can change rating',13,'change_rating'),(51,'Can delete rating',13,'delete_rating'),(52,'Can view rating',13,'view_rating');
/*!40000 ALTER TABLE `auth_permission` ENABLE KEYS */;
UNLOCK TABLES;

--
-- Table structure for table `auth_user`
--

DROP TABLE IF EXISTS `auth_user`;
/*!40101 SET @saved_cs_client     = @@character_set_client */;
/*!50503 SET character_set_client = utf8mb4 */;
CREATE TABLE `auth_user` (
  `id` int NOT NULL AUTO_INCREMENT,
  `password` varchar(128) COLLATE utf8mb4_unicode_ci NOT NULL,
  `last_login` datetime(6) DEFAULT NULL,
  `is_superuser` tinyint(1) NOT NULL,
  `username` varchar(150) COLLATE utf8mb4_unicode_ci NOT NULL,
  `first_name` varchar(150) COLLATE utf8mb4_unicode_ci NOT NULL,
  `last_name` varchar(150) COLLATE utf8mb4_unicode_ci NOT NULL,
  `email` varchar(254) COLLATE utf8mb4_unicode_ci NOT NULL,
  `is_staff` tinyint(1) NOT NULL,
  `is_active` tinyint(1) NOT NULL,
  `date_joined` datetime(6) NOT NULL,
  PRIMARY KEY (`id`),
  UNIQUE KEY `username` (`username`)
) ENGINE=InnoDB AUTO_INCREMENT=3 DEFAULT CHARSET=utf8mb4 COLLATE=utf8mb4_unicode_ci;
/*!40101 SET character_set_client = @saved_cs_client */;

--
-- Dumping data for table `auth_user`
--

LOCK TABLES `auth_user` WRITE;
/*!40000 ALTER TABLE `auth_user` DISABLE KEYS */;
INSERT INTO `auth_user` VALUES (1,'pbkdf2_sha256$1000000$oxEnQ558VPNUzCkLVKgRhS$j4OFLTOtf1UxgDOyiNUWTOCxWIqKIf0Hp1wQHifZEq4=','2025-08-16 08:54:16.540482',1,'drtechno','','','mohamadnabi.ab@gmail.com',1,1,'2025-08-16 08:44:16.046787'),(2,'pbkdf2_sha256$1000000$11AcAKvytksK6dDuebxXte$6zDLjQP+ikWmYG3ZoyrPb0W1Ff3KuCb4js56ApjSi6M=',NULL,0,'mmd','','','',0,1,'2025-08-16 08:55:45.336221');
/*!40000 ALTER TABLE `auth_user` ENABLE KEYS */;
UNLOCK TABLES;

--
-- Table structure for table `auth_user_groups`
--

DROP TABLE IF EXISTS `auth_user_groups`;
/*!40101 SET @saved_cs_client     = @@character_set_client */;
/*!50503 SET character_set_client = utf8mb4 */;
CREATE TABLE `auth_user_groups` (
  `id` bigint NOT NULL AUTO_INCREMENT,
  `user_id` int NOT NULL,
  `group_id` int NOT NULL,
  PRIMARY KEY (`id`),
  UNIQUE KEY `auth_user_groups_user_id_group_id_94350c0c_uniq` (`user_id`,`group_id`),
  KEY `auth_user_groups_group_id_97559544_fk_auth_group_id` (`group_id`),
  CONSTRAINT `auth_user_groups_group_id_97559544_fk_auth_group_id` FOREIGN KEY (`group_id`) REFERENCES `auth_group` (`id`),
  CONSTRAINT `auth_user_groups_user_id_6a12ed8b_fk_auth_user_id` FOREIGN KEY (`user_id`) REFERENCES `auth_user` (`id`)
) ENGINE=InnoDB DEFAULT CHARSET=utf8mb4 COLLATE=utf8mb4_unicode_ci;
/*!40101 SET character_set_client = @saved_cs_client */;

--
-- Dumping data for table `auth_user_groups`
--

LOCK TABLES `auth_user_groups` WRITE;
/*!40000 ALTER TABLE `auth_user_groups` DISABLE KEYS */;
/*!40000 ALTER TABLE `auth_user_groups` ENABLE KEYS */;
UNLOCK TABLES;

--
-- Table structure for table `auth_user_user_permissions`
--

DROP TABLE IF EXISTS `auth_user_user_permissions`;
/*!40101 SET @saved_cs_client     = @@character_set_client */;
/*!50503 SET character_set_client = utf8mb4 */;
CREATE TABLE `auth_user_user_permissions` (
  `id` bigint NOT NULL AUTO_INCREMENT,
  `user_id` int NOT NULL,
  `permission_id` int NOT NULL,
  PRIMARY KEY (`id`),
  UNIQUE KEY `auth_user_user_permissions_user_id_permission_id_14a6b632_uniq` (`user_id`,`permission_id`),
  KEY `auth_user_user_permi_permission_id_1fbb5f2c_fk_auth_perm` (`permission_id`),
  CONSTRAINT `auth_user_user_permi_permission_id_1fbb5f2c_fk_auth_perm` FOREIGN KEY (`permission_id`) REFERENCES `auth_permission` (`id`),
  CONSTRAINT `auth_user_user_permissions_user_id_a95ead1b_fk_auth_user_id` FOREIGN KEY (`user_id`) REFERENCES `auth_user` (`id`)
) ENGINE=InnoDB DEFAULT CHARSET=utf8mb4 COLLATE=utf8mb4_unicode_ci;
/*!40101 SET character_set_client = @saved_cs_client */;

--
-- Dumping data for table `auth_user_user_permissions`
--

LOCK TABLES `auth_user_user_permissions` WRITE;
/*!40000 ALTER TABLE `auth_user_user_permissions` DISABLE KEYS */;
/*!40000 ALTER TABLE `auth_user_user_permissions` ENABLE KEYS */;
UNLOCK TABLES;

--
-- Table structure for table `django_admin_log`
--

DROP TABLE IF EXISTS `django_admin_log`;
/*!40101 SET @saved_cs_client     = @@character_set_client */;
/*!50503 SET character_set_client = utf8mb4 */;
CREATE TABLE `django_admin_log` (
  `id` int NOT NULL AUTO_INCREMENT,
  `action_time` datetime(6) NOT NULL,
  `object_id` longtext COLLATE utf8mb4_unicode_ci,
  `object_repr` varchar(200) COLLATE utf8mb4_unicode_ci NOT NULL,
  `action_flag` smallint unsigned NOT NULL,
  `change_message` longtext COLLATE utf8mb4_unicode_ci NOT NULL,
  `content_type_id` int DEFAULT NULL,
  `user_id` int NOT NULL,
  PRIMARY KEY (`id`),
  KEY `django_admin_log_content_type_id_c4bce8eb_fk_django_co` (`content_type_id`),
  KEY `django_admin_log_user_id_c564eba6_fk_auth_user_id` (`user_id`),
  CONSTRAINT `django_admin_log_content_type_id_c4bce8eb_fk_django_co` FOREIGN KEY (`content_type_id`) REFERENCES `django_content_type` (`id`),
  CONSTRAINT `django_admin_log_user_id_c564eba6_fk_auth_user_id` FOREIGN KEY (`user_id`) REFERENCES `auth_user` (`id`),
  CONSTRAINT `django_admin_log_chk_1` CHECK ((`action_flag` >= 0))
) ENGINE=InnoDB AUTO_INCREMENT=2 DEFAULT CHARSET=utf8mb4 COLLATE=utf8mb4_unicode_ci;
/*!40101 SET character_set_client = @saved_cs_client */;

--
-- Dumping data for table `django_admin_log`
--

LOCK TABLES `django_admin_log` WRITE;
/*!40000 ALTER TABLE `django_admin_log` DISABLE KEYS */;
INSERT INTO `django_admin_log` VALUES (1,'2025-08-16 08:55:45.647462','2','mmd',1,'[{\"added\": {}}]',4,1);
/*!40000 ALTER TABLE `django_admin_log` ENABLE KEYS */;
UNLOCK TABLES;

--
-- Table structure for table `django_content_type`
--

DROP TABLE IF EXISTS `django_content_type`;
/*!40101 SET @saved_cs_client     = @@character_set_client */;
/*!50503 SET character_set_client = utf8mb4 */;
CREATE TABLE `django_content_type` (
  `id` int NOT NULL AUTO_INCREMENT,
  `app_label` varchar(100) COLLATE utf8mb4_unicode_ci NOT NULL,
  `model` varchar(100) COLLATE utf8mb4_unicode_ci NOT NULL,
  PRIMARY KEY (`id`),
  UNIQUE KEY `django_content_type_app_label_model_76bd3d3b_uniq` (`app_label`,`model`)
) ENGINE=InnoDB AUTO_INCREMENT=14 DEFAULT CHARSET=utf8mb4 COLLATE=utf8mb4_unicode_ci;
/*!40101 SET character_set_client = @saved_cs_client */;

--
-- Dumping data for table `django_content_type`
--

LOCK TABLES `django_content_type` WRITE;
/*!40000 ALTER TABLE `django_content_type` DISABLE KEYS */;
INSERT INTO `django_content_type` VALUES (1,'admin','logentry'),(3,'auth','group'),(2,'auth','permission'),(4,'auth','user'),(5,'contenttypes','contenttype'),(12,'movies','genre'),(7,'movies','movie'),(11,'movies','movieactor'),(9,'movies','moviegenre'),(8,'movies','person'),(13,'movies','rating'),(10,'movies','user'),(6,'sessions','session');
/*!40000 ALTER TABLE `django_content_type` ENABLE KEYS */;
UNLOCK TABLES;

--
-- Table structure for table `django_migrations`
--

DROP TABLE IF EXISTS `django_migrations`;
/*!40101 SET @saved_cs_client     = @@character_set_client */;
/*!50503 SET character_set_client = utf8mb4 */;
CREATE TABLE `django_migrations` (
  `id` bigint NOT NULL AUTO_INCREMENT,
  `app` varchar(255) COLLATE utf8mb4_unicode_ci NOT NULL,
  `name` varchar(255) COLLATE utf8mb4_unicode_ci NOT NULL,
  `applied` datetime(6) NOT NULL,
  PRIMARY KEY (`id`)
) ENGINE=InnoDB AUTO_INCREMENT=20 DEFAULT CHARSET=utf8mb4 COLLATE=utf8mb4_unicode_ci;
/*!40101 SET character_set_client = @saved_cs_client */;

--
-- Dumping data for table `django_migrations`
--

LOCK TABLES `django_migrations` WRITE;
/*!40000 ALTER TABLE `django_migrations` DISABLE KEYS */;
INSERT INTO `django_migrations` VALUES (1,'contenttypes','0001_initial','2025-08-15 11:50:20.166733'),(2,'auth','0001_initial','2025-08-15 11:50:20.469048'),(3,'admin','0001_initial','2025-08-15 11:50:20.561687'),(4,'admin','0002_logentry_remove_auto_add','2025-08-15 11:50:20.561687'),(5,'admin','0003_logentry_add_action_flag_choices','2025-08-15 11:50:20.571419'),(6,'contenttypes','0002_remove_content_type_name','2025-08-15 11:50:20.640507'),(7,'auth','0002_alter_permission_name_max_length','2025-08-15 11:50:20.672427'),(8,'auth','0003_alter_user_email_max_length','2025-08-15 11:50:20.691847'),(9,'auth','0004_alter_user_username_opts','2025-08-15 11:50:20.691847'),(10,'auth','0005_alter_user_last_login_null','2025-08-15 11:50:20.721437'),(11,'auth','0006_require_contenttypes_0002','2025-08-15 11:50:20.721437'),(12,'auth','0007_alter_validators_add_error_messages','2025-08-15 11:50:20.734778'),(13,'auth','0008_alter_user_username_max_length','2025-08-15 11:50:20.766329'),(14,'auth','0009_alter_user_last_name_max_length','2025-08-15 11:50:20.797995'),(15,'auth','0010_alter_group_name_max_length','2025-08-15 11:50:20.817973'),(16,'auth','0011_update_proxy_permissions','2025-08-15 11:50:20.829468'),(17,'auth','0012_alter_user_first_name_max_length','2025-08-15 11:50:20.874471'),(18,'sessions','0001_initial','2025-08-15 11:50:20.897656'),(19,'movies','0001_initial','2025-08-15 14:05:29.770488');
/*!40000 ALTER TABLE `django_migrations` ENABLE KEYS */;
UNLOCK TABLES;

--
-- Table structure for table `django_session`
--

DROP TABLE IF EXISTS `django_session`;
/*!40101 SET @saved_cs_client     = @@character_set_client */;
/*!50503 SET character_set_client = utf8mb4 */;
CREATE TABLE `django_session` (
  `session_key` varchar(40) COLLATE utf8mb4_unicode_ci NOT NULL,
  `session_data` longtext COLLATE utf8mb4_unicode_ci NOT NULL,
  `expire_date` datetime(6) NOT NULL,
  PRIMARY KEY (`session_key`),
  KEY `django_session_expire_date_a5c62663` (`expire_date`)
) ENGINE=InnoDB DEFAULT CHARSET=utf8mb4 COLLATE=utf8mb4_unicode_ci;
/*!40101 SET character_set_client = @saved_cs_client */;

--
-- Dumping data for table `django_session`
--

LOCK TABLES `django_session` WRITE;
/*!40000 ALTER TABLE `django_session` DISABLE KEYS */;
INSERT INTO `django_session` VALUES ('30ru5nxlnwunrxbtmq0pi70ix3uhmkpi','.eJxVjMsOwiAQRf-FtSGFoTxcuvcbyAwDUjU0Ke3K-O_apAvd3nPOfYmI21rj1vMSJxZnocTpdyNMj9x2wHdst1mmua3LRHJX5EG7vM6cn5fD_Tuo2Ou3Rjaj9cYVIgigICXOyavMWhF6dIBaKxuK82zLoI0jG4bCwZsAQGMS7w_udjfe:1unCg4:BTk-2uygDwLZ9phaKkpnuXk9FeVyIib6f_4uvh8YbtQ','2025-08-30 08:54:16.557412');
/*!40000 ALTER TABLE `django_session` ENABLE KEYS */;
UNLOCK TABLES;

--
-- Table structure for table `genre`
--

DROP TABLE IF EXISTS `genre`;
/*!40101 SET @saved_cs_client     = @@character_set_client */;
/*!50503 SET character_set_client = utf8mb4 */;
CREATE TABLE `genre` (
  `GenreID` int NOT NULL AUTO_INCREMENT,
  `GenreName` varchar(100) COLLATE utf8mb4_unicode_ci NOT NULL,
  PRIMARY KEY (`GenreID`),
  UNIQUE KEY `GenreName` (`GenreName`)
) ENGINE=InnoDB AUTO_INCREMENT=10753 DEFAULT CHARSET=utf8mb4 COLLATE=utf8mb4_unicode_ci;
/*!40101 SET character_set_client = @saved_cs_client */;

--
-- Dumping data for table `genre`
--

LOCK TABLES `genre` WRITE;
/*!40000 ALTER TABLE `genre` DISABLE KEYS */;
INSERT INTO `genre` VALUES (28,'Action'),(12,'Adventure'),(16,'Animation'),(35,'Comedy'),(80,'Crime'),(18,'Drama'),(10751,'Family'),(14,'Fantasy'),(36,'History'),(27,'Horror'),(10402,'Music'),(9648,'Mystery'),(10749,'Romance'),(878,'Science Fiction'),(53,'Thriller'),(10752,'War'),(37,'Western');
/*!40000 ALTER TABLE `genre` ENABLE KEYS */;
UNLOCK TABLES;

--
-- Table structure for table `movie`
--

DROP TABLE IF EXISTS `movie`;
/*!40101 SET @saved_cs_client     = @@character_set_client */;
/*!50503 SET character_set_client = utf8mb4 */;
CREATE TABLE `movie` (
  `MovieID` int NOT NULL AUTO_INCREMENT,
  `Title` varchar(255) COLLATE utf8mb4_unicode_ci NOT NULL,
  `ReleaseYear` int DEFAULT NULL,
  `Summary` text COLLATE utf8mb4_unicode_ci,
  `DurationInMinutes` int DEFAULT NULL,
  `Country` varchar(100) COLLATE utf8mb4_unicode_ci DEFAULT NULL,
  `PosterURL` varchar(512) COLLATE utf8mb4_unicode_ci DEFAULT NULL,
  `TMDbScore` decimal(3,1) DEFAULT NULL,
  `DirectorID` int DEFAULT NULL,
  PRIMARY KEY (`MovieID`),
  KEY `fk_director` (`DirectorID`),
  KEY `idx_movie_title` (`Title`),
  CONSTRAINT `fk_director` FOREIGN KEY (`DirectorID`) REFERENCES `person` (`PersonID`) ON DELETE SET NULL
) ENGINE=InnoDB AUTO_INCREMENT=1452184 DEFAULT CHARSET=utf8mb4 COLLATE=utf8mb4_unicode_ci;
/*!40101 SET character_set_client = @saved_cs_client */;

--
-- Dumping data for table `movie`
--

LOCK TABLES `movie` WRITE;
/*!40000 ALTER TABLE `movie` DISABLE KEYS */;
INSERT INTO `movie` VALUES (13,'Forrest Gump',1994,'A man with a low IQ has accomplished great things in his life and been present during significant historic events—in each case, far exceeding what anyone imagined he could do. But despite all he has achieved, his one true love eludes him.',142,'United States of America','https://image.tmdb.org/t/p/w500/arw2vcBveWOVZr6pxd9XTd1TdQa.jpg',8.5,24),(73,'American History X',1998,'Derek Vineyard is paroled after serving 3 years in prison for killing two African-American men. Through his brother, Danny Vineyard\'s narration, we learn that before going to prison, Derek was a skinhead and the leader of a violent white supremacist gang that committed acts of racial crime throughout L.A. and his actions greatly influenced Danny. Reformed and fresh out of prison, Derek severs contact with the gang and becomes determined to keep Danny from going down the same violent path as he did.',119,'United States of America','https://image.tmdb.org/t/p/w500/x2drgoXYZ8484lqyDj7L1CEVR4T.jpg',8.3,814),(105,'Back to the Future',1985,'Eighties teenager Marty McFly is accidentally sent back in time to 1955, inadvertently disrupting his parents\' first meeting and attracting his mother\'s romantic interest. Marty must repair the damage to history by rekindling his parents\' romance and - with the help of his eccentric inventor friend Doc Brown - return to 1985.',116,'United States of America','https://image.tmdb.org/t/p/w500/fNOH9f1aA7XRTzl1sAOx9iF553Q.jpg',8.3,24),(120,'The Lord of the Rings: The Fellowship of the Ring',2001,'Young hobbit Frodo Baggins, after inheriting a mysterious ring from his uncle Bilbo, must leave his home in order to keep it from falling into the hands of its evil creator. Along the way, a fellowship is formed to protect the ringbearer and make sure that the ring arrives at its final destination: Mt. Doom, the only place where it can be destroyed.',179,'New Zealand','https://image.tmdb.org/t/p/w500/6oom5QYQ2yQTMJIbnvbkBL9cHo6.jpg',8.4,108),(121,'The Lord of the Rings: The Two Towers',2002,'Frodo Baggins and the other members of the Fellowship continue on their sacred quest to destroy the One Ring--but on separate paths. Their destinies lie at two towers--Orthanc Tower in Isengard, where the corrupt wizard Saruman awaits, and Sauron\'s fortress at Barad-dur, deep within the dark lands of Mordor. Frodo and Sam are trekking to Mordor to destroy the One Ring of Power while Gimli, Legolas and Aragorn search for the orc-captured Merry and Pippin. All along, nefarious wizard Saruman awaits the Fellowship members at the Orthanc Tower in Isengard.',179,'New Zealand','https://image.tmdb.org/t/p/w500/5VTN0pR8gcqV3EPUHHfMGnJYN9L.jpg',8.4,108),(122,'The Lord of the Rings: The Return of the King',2003,'As armies mass for a final battle that will decide the fate of the world--and powerful, ancient forces of Light and Dark compete to determine the outcome--one member of the Fellowship of the Ring is revealed as the noble heir to the throne of the Kings of Men. Yet, the sole hope for triumph over evil lies with a brave hobbit, Frodo, who, accompanied by his loyal friend Sam and the hideous, wretched Gollum, ventures deep into the very dark heart of Mordor on his seemingly impossible quest to destroy the Ring of Power.​',201,'New Zealand','https://image.tmdb.org/t/p/w500/rCzpDGLbOoPwLjy3OAm5NUPOTrC.jpg',8.5,108),(128,'Princess Mononoke',1997,'Ashitaka, a prince of the disappearing Emishi people, is cursed by a demonized boar god and must journey to the west to find a cure. Along the way, he encounters San, a young human woman fighting to protect the forest, and Lady Eboshi, who is trying to destroy it. Ashitaka must find a way to bring balance to this conflict.',134,'Japan','https://image.tmdb.org/t/p/w500/cMYCDADoLKLbB83g4WnJegaZimC.jpg',8.3,608),(129,'Spirited Away',2001,'A young girl, Chihiro, becomes trapped in a strange new world of spirits. When her parents undergo a mysterious transformation, she must call upon the courage she never knew she had to free her family.',125,'Japan','https://image.tmdb.org/t/p/w500/39wmItIWsg5sZMyRUHLkWBcuVCM.jpg',8.5,608),(155,'The Dark Knight',2008,'Batman raises the stakes in his war on crime. With the help of Lt. Jim Gordon and District Attorney Harvey Dent, Batman sets out to dismantle the remaining criminal organizations that plague the streets. The partnership proves to be effective, but they soon find themselves prey to a reign of chaos unleashed by a rising criminal mastermind known to the terrified citizens of Gotham as the Joker.',152,'United Kingdom','https://image.tmdb.org/t/p/w500/qJ2tW6WMUDux911r6m7haRef0WH.jpg',8.5,525),(238,'The Godfather',1972,'Spanning the years 1945 to 1955, a chronicle of the fictional Italian-American Corleone crime family. When organized crime family patriarch, Vito Corleone barely survives an attempt on his life, his youngest son, Michael steps in to take care of the would-be killers, launching a campaign of bloody revenge.',175,'United States of America','https://image.tmdb.org/t/p/w500/3bhkrj58Vtu7enYsRolD1fZdja1.jpg',8.7,1776),(240,'The Godfather Part II',1974,'In the continuing saga of the Corleone crime family, a young Vito Corleone grows up in Sicily and in 1910s New York. In the 1950s, Michael Corleone attempts to expand the family business into Las Vegas, Hollywood and Cuba.',202,'United States of America','https://image.tmdb.org/t/p/w500/hek3koDUyRQk7FIhPXsa6mT2Zc3.jpg',8.6,1776),(274,'The Silence of the Lambs',1991,'Clarice Starling is a top student at the FBI\'s training academy.  Jack Crawford wants Clarice to interview Dr. Hannibal Lecter, a brilliant psychiatrist who is also a violent psychopath, serving life behind bars for various acts of murder and cannibalism.  Crawford believes that Lecter may have insight into a case and that Starling, as an attractive young woman, may be just the bait to draw him out.',119,'United States of America','https://image.tmdb.org/t/p/w500/uS9m8OBk1A8eM9I042bx8XXpqAq.jpg',8.3,16294),(278,'The Shawshank Redemption',1994,'Imprisoned in the 1940s for the double murder of his wife and her lover, upstanding banker Andy Dufresne begins a new life at the Shawshank prison, where he puts his accounting skills to work for an amoral warden. During his long stretch in prison, Dufresne comes to be admired by the other inmates -- including an older prisoner named Red -- for his integrity and unquenchable sense of hope.',142,'United States of America','https://image.tmdb.org/t/p/w500/9cqNxx0GxF0bflZmeSMuL5tnGzr.jpg',8.7,4027),(311,'Once Upon a Time in America',1984,'A former Prohibition-era Jewish gangster returns to the Lower East Side of Manhattan over thirty years later, where he once again must confront the ghosts and regrets of his old life.',229,'United States of America','https://image.tmdb.org/t/p/w500/i0enkzsL5dPeneWnjl1fCWm6L7k.jpg',8.4,4385),(346,'Seven Samurai',1954,'A samurai answers a village\'s request for protection after he falls on hard times. The town needs protection from bandits, so the samurai gathers six others to help him teach the people how to defend themselves, and the villagers provide the soldiers with food.',207,'Japan','https://image.tmdb.org/t/p/w500/lOMGc8bnSwQhS4XyE1S99uH8NXf.jpg',8.5,5026),(389,'12 Angry Men',1957,'The defense and the prosecution have rested and the jury is filing into the jury room to decide if a young Spanish-American is guilty or innocent of murdering his father. What begins as an open and shut case soon becomes a mini-drama of each of the jurors\' prejudices and preconceptions about the trial, the accused, and each other.',97,'United States of America','https://image.tmdb.org/t/p/w500/ow3wq89wM8qd5X7hWKxiRfsFf9C.jpg',8.5,39996),(423,'The Pianist',2002,'The true story of pianist Władysław Szpilman\'s experiences in Warsaw during the Nazi occupation. When the Jews of the city find themselves forced into a ghetto, Szpilman finds work playing in a café; and when his family is deported in 1942, he stays behind, works for a while as a laborer, and eventually goes into hiding in the ruins of the war-torn city.',150,'France','https://image.tmdb.org/t/p/w500/2hFvxCCWrTmCYwfy7yum0GKRi3Y.jpg',8.4,3556),(424,'Schindler\'s List',1993,'The true story of how businessman Oskar Schindler saved over a thousand Jewish lives from the Nazis while they worked as slaves in his factory during World War II.',195,'United States of America','https://image.tmdb.org/t/p/w500/sF1U4EUQS8YHUYjNl3pMGNIQyr0.jpg',8.6,488),(429,'The Good, the Bad and the Ugly',1966,'While the Civil War rages on between the Union and the Confederacy, three men – a quiet loner, a ruthless hitman, and a Mexican bandit – comb the American Southwest in search of a strongbox containing $200,000 in stolen gold.',161,'United States of America','https://image.tmdb.org/t/p/w500/bX2xnavhMYjWDoZp1VM6VnU1xwe.jpg',8.5,4385),(497,'The Green Mile',1999,'A supernatural tale set on death row in a Southern prison, where gentle giant John Coffey possesses the mysterious power to heal people\'s ailments. When the cell block\'s head guard, Paul Edgecomb, recognizes Coffey\'s miraculous gift, he tries desperately to help stave off the condemned man\'s execution.',189,'United States of America','https://image.tmdb.org/t/p/w500/8VG8fDNiy50H4FedGwdSVUPoaJe.jpg',8.5,4027),(510,'One Flew Over the Cuckoo\'s Nest',1975,'A petty criminal fakes insanity to serve his sentence in a mental ward rather than prison. He soon finds himself as a leader to the other patients—and an enemy to the cruel, domineering nurse who runs the ward.',133,'United States of America','https://image.tmdb.org/t/p/w500/kjWsMh72V6d8KRLV4EOoSJLT1H7.jpg',8.4,3974),(539,'Psycho',1960,'When larcenous real estate clerk Marion Crane goes on the lam with a wad of cash and hopes of starting a new life, she ends up at the notorious Bates Motel, where manager Norman Bates cares for his housebound mother.',109,'United States of America','https://image.tmdb.org/t/p/w500/yz4QVqPx3h1hD1DfqqQkCq3rmxW.jpg',8.4,2636),(550,'Fight Club',1999,'A ticking-time-bomb insomniac and a slippery soap salesman channel primal male aggression into a shocking new form of therapy. Their concept catches on, with underground \"fight clubs\" forming in every town, until an eccentric gets in the way and ignites an out-of-control spiral toward oblivion.',139,'Germany','https://image.tmdb.org/t/p/w500/jSziioSwPVrOy9Yow3XhWIBDjq1.jpg',8.4,7467),(567,'Rear Window',1954,'A wheelchair-bound photographer spies on his neighbors from his apartment window and becomes convinced one of them has committed murder.',112,'United States of America','https://image.tmdb.org/t/p/w500/ILVF0eJxHMddjxeQhswFtpMtqx.jpg',8.3,2636),(598,'City of God',2002,'In the poverty-stricken favelas of Rio de Janeiro in the 1970s, two young men choose different paths. Rocket is a budding photographer who documents the increasing drug-related violence of his neighborhood, while José “Zé” Pequeno is an ambitious drug dealer diving into a dangerous life of crime.',129,'Brazil','https://image.tmdb.org/t/p/w500/k7eYdWvhYQyRQoU2TB2A2Xu2TfD.jpg',8.4,8557),(637,'Life Is Beautiful',1997,'A touching story of an Italian book seller of Jewish ancestry who lives in his own little fairy tale. His creative and happy life would come to an abrupt halt when his entire family is deported to a concentration camp during World War II. While locked up he tries to convince his son that the whole thing is just a game.',116,'Italy','https://image.tmdb.org/t/p/w500/74hLDKjD5aGYOotO6esUVaeISa2.jpg',8.4,4818),(680,'Pulp Fiction',1994,'A burger-loving hit man, his philosophical partner, a drug-addled gangster\'s moll and a washed-up boxer converge in this sprawling, comedic crime caper. Their adventures unfurl in three stories that ingeniously trip back and forth in time.',154,'United States of America','https://image.tmdb.org/t/p/w500/vQWk5YBFWF4bZaofAbv0tShwBvQ.jpg',8.5,138),(769,'GoodFellas',1990,'The true story of Henry Hill, a half-Irish, half-Sicilian Brooklyn kid who is adopted by neighbourhood gangsters at an early age and climbs the ranks of a Mafia family under the guidance of Jimmy Conway.',145,'United States of America','https://image.tmdb.org/t/p/w500/aKuFiU82s5ISJpGZp7YkIr3kCUd.jpg',8.5,1032),(807,'Se7en',1995,'Two homicide detectives are on a desperate hunt for a serial killer whose crimes are based on the \"seven deadly sins\" in this dark and haunting film that takes viewers from the tortured remains of one victim to the next. The seasoned Det. Somerset researches each sin in an effort to get inside the killer\'s mind, while his novice partner, Mills, scoffs at his efforts to unravel the case.',127,'United States of America','https://image.tmdb.org/t/p/w500/191nKfP0ehp3uIvWqgPbFmI4lv9.jpg',8.4,7467),(1891,'The Empire Strikes Back',1980,'The epic saga continues as Luke Skywalker, in hopes of defeating the evil Galactic Empire, learns the ways of the Jedi from aging master Yoda. But Darth Vader is more determined than ever to capture Luke. Meanwhile, rebel leader Princess Leia, cocky Han Solo, Chewbacca, and droids C-3PO and R2-D2 are thrown into various stages of capture, betrayal and despair.',124,'United States of America','https://image.tmdb.org/t/p/w500/nNAeTmF4CtdSgMDplXTDPOpYzsX.jpg',8.4,10930),(4935,'Howl\'s Moving Castle',2004,'Sophie, a young milliner, is turned into an elderly woman by a witch who enters her shop and curses her. She encounters a wizard named Howl and gets caught up in his resistance to fighting for the king.',119,'Japan','https://image.tmdb.org/t/p/w500/TkTPELv4kC3u1lkloush8skOjE.jpg',8.4,608),(7451,'xXx',2002,'Xander Cage is your standard adrenaline junkie with no fear and a lousy attitude. When the US Government \"recruits\" him to go on a mission, he\'s not exactly thrilled. His mission: to gather information on an organization that may just be planning the destruction of the world, led by the nihilistic Yorgi.',124,'United States of America','https://image.tmdb.org/t/p/w500/xeEw3eLeSFmJgXZzmF2Efww0q3s.jpg',6.0,18878),(11216,'Cinema Paradiso',1988,'A filmmaker recalls his childhood, when he fell in love with the movies at his village\'s theater and formed a deep friendship with the theater\'s projectionist.',124,'France','https://image.tmdb.org/t/p/w500/gCI2AeMV4IHSewhJkzsur5MEp6R.jpg',8.4,65314),(12477,'Grave of the Fireflies',1988,'In the final months of World War II, 14-year-old Seita and his sister Setsuko are orphaned when their mother is killed during an air raid in Kobe, Japan. After a falling out with their aunt, they move into an abandoned bomb shelter. With no surviving relatives and their emergency rations depleted, Seita and Setsuko struggle to survive.',89,'Japan','https://image.tmdb.org/t/p/w500/k9tv1rXZbOhH7eiCk378x61kNQ1.jpg',8.5,628),(12493,'High and Low',1963,'In the midst of an attempt to take over his company, a powerhouse executive is hit with a huge ransom demand when his chauffeur\'s son is kidnapped by mistake.',142,'Japan','https://image.tmdb.org/t/p/w500/tgNjemQPG96uIezpiUiXFcer5ga.jpg',8.3,5026),(13499,'Yours, Mine & Ours',2005,'Admiral Frank Beardsley returns to New London to run the Coast Guard Academy, his last stop before a probable promotion to head the Guard. A widower with eight children, he runs a loving but tight ship, with charts and salutes. The kids long for a permanent home. Helen North is a free spirit, a designer whose ten children live in loving chaos, with occasional group hugs. Helen and Frank, high school sweethearts, reconnect at a reunion, and it\'s love at first re-sighting. They marry on the spot. Then the problems start as two sets of kids, the free spirits and the disciplined preppies, must live together. The warring factions agree to work together to end the marriage.',90,'United States of America','https://image.tmdb.org/t/p/w500/1SfsoUYXRRrfL31br8q4DlTYvKK.jpg',6.2,1215),(14537,'Harakiri',1962,'Down-on-his-luck veteran Tsugumo Hanshirō enters the courtyard of the prosperous House of Iyi. Unemployed, and with no family, he hopes to find a place to commit seppuku—and a worthy second to deliver the coup de grâce in his suicide ritual. The senior counselor for the Iyi clan questions the ronin’s resolve and integrity, suspecting Hanshirō of seeking charity rather than an honorable end. What follows is a pair of interlocking stories which lay bare the difference between honor and respect, and promises to examine the legendary foundations of the Samurai code.',135,'Japan','https://image.tmdb.org/t/p/w500/5konZnIbcAxZjP616Cz5o9bKEfW.jpg',8.4,76978),(15804,'A Brighter Summer Day',1991,'A boy experiences first love, friendships and injustices growing up in 1960s Taiwan.',237,'Taiwan','https://image.tmdb.org/t/p/w500/rDZ2mNQkZrnSzHPLQ7SzhzgCSoj.jpg',8.3,143035),(19404,'Dilwale Dulhania Le Jayenge',1995,'Raj is a rich, carefree, happy-go-lucky second generation NRI. Simran is the daughter of Chaudhary Baldev Singh, who in spite of being an NRI is very strict about adherence to Indian values. Simran has left for India to be married to her childhood fiancé. Raj leaves for India with a mission at his hands, to claim his lady love under the noses of her whole family. Thus begins a saga.',190,'India','https://image.tmdb.org/t/p/w500/2CAL2433ZeIihfX1Hb2139CX0pW.jpg',8.5,35771),(27205,'Inception',2010,'Cobb, a skilled thief who commits corporate espionage by infiltrating the subconscious of his targets is offered a chance to regain his old life as payment for a task considered to be impossible: \"inception\", the implantation of another person\'s idea into a target\'s subconscious.',148,'United States of America','https://image.tmdb.org/t/p/w500/ljsZTbVsrQSqZgWeep2B1QiDKuh.jpg',8.4,525),(40096,'A Dog\'s Will',2000,'The lively João Grilo and the sly Chicó are poor guys living in the hinterland who cheat a bunch of people in a small town in Northeastern Brazil. When they die, they have to be judged by Christ, the Devil and the Virgin Mary before they are admitted to paradise.',104,'Brazil','https://image.tmdb.org/t/p/w500/espZvlT0JFnnFKKWpds1rWJXDan.jpg',8.4,102560),(157336,'Interstellar',2014,'The adventures of a group of explorers who make use of a newly discovered wormhole to surpass the limitations on human space travel and conquer the vast distances involved in an interstellar voyage.',169,'United Kingdom','https://image.tmdb.org/t/p/w500/gEU2QniE6E77NI6lCU6MxlNBvIx.jpg',8.5,525),(244786,'Whiplash',2014,'Under the direction of a ruthless instructor, a talented young drummer begins to pursue perfection at any cost, even his humanity.',107,'United States of America','https://image.tmdb.org/t/p/w500/7fn624j5lj3xTme2SgiLCeuedmO.jpg',8.4,136495),(255709,'Hope',2013,'After 8-year-old So-won narrowly survives a brutal sexual assault, her family labors to help her heal while coping with their own rage and grief.',122,'South Korea','https://image.tmdb.org/t/p/w500/x9yjkm9gIz5qI5fJMUTfBnWiB2o.jpg',8.4,126809),(324857,'Spider-Man: Into the Spider-Verse',2018,'Struggling to find his place in the world while juggling school and family, Brooklyn teenager Miles Morales is unexpectedly bitten by a radioactive spider and develops unfathomable powers just like the one and only Spider-Man. While wrestling with the implications of his new abilities, Miles discovers a super collider created by the madman Wilson \"Kingpin\" Fisk, causing others from across the Spider-Verse to be inadvertently transported to his dimension.',117,'United States of America','https://image.tmdb.org/t/p/w500/iiZZdoQBEYBv6id8su7ImL0oCbD.jpg',8.4,936670),(372058,'Your Name.',2016,'High schoolers Mitsuha and Taki are complete strangers living separate lives. But one night, they suddenly switch places. Mitsuha wakes up in Taki’s body, and he in hers. This bizarre occurrence continues to happen randomly, and the two must adjust their lives around each other.',106,'Japan','https://image.tmdb.org/t/p/w500/q719jXXEzOoYaps6babgKnONONX.jpg',8.5,74091),(372754,'Dou kyu sei – Classmates',2016,'Rihito Sajo, an honor student with a perfect score on the entrance exam and Hikaru Kusakabe, in a band and popular among girls, would have never crossed paths. Until one day they started talking at the practice for their school’s upcoming chorus festival. After school, the two meet regularly, as Hikaru helps Rihito to improve his singing skills. While they listen to each other’s voice and harmonize, their hearts start to beat together.',61,'Japan','https://image.tmdb.org/t/p/w500/cIfRCA5wEvj9tApca4UDUagQEiM.jpg',8.3,1549377),(378064,'A Silent Voice: The Movie',2016,'Shouya Ishida starts bullying the new girl in class, Shouko Nishimiya, because she is deaf. But as the teasing continues, the rest of the class starts to turn on Shouya for his lack of compassion. When they leave elementary school, Shouko and Shouya do not speak to each other again... until an older, wiser Shouya, tormented by his past behaviour, decides he must see Shouko once more. He wants to atone for his sins, but is it already too late...?',129,'Japan','https://image.tmdb.org/t/p/w500/tuFaWiqX0TXoWu7DGNcmX3UW7sT.jpg',8.4,1072778),(496243,'Parasite',2019,'All unemployed, Ki-taek\'s family takes peculiar interest in the wealthy and glamorous Parks for their livelihood until they get entangled in an unexpected incident.',133,'South Korea','https://image.tmdb.org/t/p/w500/7IiTTgloJzvGI1TAYymCfbfl3vT.jpg',8.5,21684),(541671,'Ballerina',2025,'Taking place during the events of John Wick: Chapter 3 – Parabellum, Eve Macarro begins her training in the assassin traditions of the Ruska Roma.',125,'United States of America','https://image.tmdb.org/t/p/w500/2VUmvqsHb6cEtdfscEA6fqqVzLg.jpg',7.4,3950),(552524,'Lilo & Stitch',2025,'The wildly funny and touching story of a lonely Hawaiian girl and the fugitive alien who helps to mend her broken family.',108,'United States of America','https://image.tmdb.org/t/p/w500/tUae3mefrDVTgm5mRzqWnZK6fOP.jpg',7.3,1540069),(569094,'Spider-Man: Across the Spider-Verse',2023,'After reuniting with Gwen Stacy, Brooklyn’s full-time, friendly neighborhood Spider-Man is catapulted across the Multiverse, where he encounters the Spider Society, a team of Spider-People charged with protecting the Multiverse’s very existence. But when the heroes clash on how to handle a new threat, Miles finds himself pitted against the other Spiders and must set out on his own to save those he loves most.',140,'United States of America','https://image.tmdb.org/t/p/w500/8Vt6mWEReuy4Of61Lnj5Xj704m8.jpg',8.3,2451598),(574475,'Final Destination Bloodlines',2025,'Plagued by a violent recurring nightmare, college student Stefanie heads home to track down the one person who might be able to break the cycle and save her family from the grisly demise that inevitably awaits them all.',110,'United States of America','https://image.tmdb.org/t/p/w500/6WxhEvFsauuACfv8HyoVX6mZKFj.jpg',7.2,1181022),(575265,'Mission: Impossible - The Final Reckoning',2025,'Ethan Hunt and team continue their search for the terrifying AI known as the Entity — which has infiltrated intelligence networks all over the globe — with the world\'s governments and a mysterious ghost from Hunt\'s past on their trail. Joined by new allies and armed with the means to shut the Entity down for good, Hunt is in a race against time to prevent the world as we know it from changing forever.',170,'United States of America','https://image.tmdb.org/t/p/w500/z53D72EAOxGRqdr7KXXWp9dJiDe.jpg',7.2,9033),(611251,'Jokōsei torio: seikan shiken',1977,'Three high school girls. One is experienced, one has fantasies and one is curious. What more will they learn before graduation?',73,'Japan','https://image.tmdb.org/t/p/w500/9GSLrU0aoR6Pi2FQ0ttXV2thSxJ.jpg',8.0,1079971),(615453,'Ne Zha',2019,'A young boy is born as the reincarnation of a demonic power, into a society that hates and fears him. Destined by prophecy to bring destruction to the world, Nezha must choose between good and evil to see if he can change his fate.',110,'China','https://image.tmdb.org/t/p/w500/phM9bb6s9c60LA8qwsdk7U1N2cS.jpg',7.9,2367353),(617126,'The Fantastic 4: First Steps',2025,'Against the vibrant backdrop of a 1960s-inspired, retro-futuristic world, Marvel\'s First Family is forced to balance their roles as heroes with the strength of their family bond, while defending Earth from a ravenous space god called Galactus and his enigmatic Herald, Silver Surfer.',115,'United States of America','https://image.tmdb.org/t/p/w500/x26MtUlwtWD26d0G0FXcppxCJio.jpg',7.3,1212522),(620249,'The Legend of Hei',2019,'When cat spirit Luo Xiaohei\'s home is deforested by humans, he must find a new one. He runs into a group of other spirit creatures who take him under their wing with dreams of reconquering the land they say is rightfully theirs. However, they run into a human known as Wuxian who separates Luo Xiaohei from the other spirits and the two go on a journey, with the cat spirit learning to control his abilities as well as forming his own thoughts on whether or not he should ally with the spirits or the humans.',102,'China','https://image.tmdb.org/t/p/w500/pMQYLHXYyqw8FGp1QD6BEWpm7bs.jpg',8.3,2377386),(648878,'Eddington',2025,'In May of 2020, a standoff between a small-town sheriff and mayor sparks a powder keg as neighbor is pitted against neighbor in Eddington, New Mexico.',149,'United States of America','https://image.tmdb.org/t/p/w500/4GIqZUgPZ146BhibsPHMHef2nXX.jpg',6.8,1145520),(652837,'Josee, the Tiger and the Fish',2020,'With dreams of diving abroad, Tsuneo gets a job assisting Josee, an artist whose imagination takes her far beyond her wheelchair. But when the tide turns against them, they push each other to places they never thought possible, and inspire a love fit for a storybook.',98,'Japan','https://image.tmdb.org/t/p/w500/lNpZWdXC4HtXQ8nVo21gg7T9D6N.jpg',8.3,1582093),(667257,'Impossible Things',2021,'After the death of her abusive husband, Matilde finds her new best friend in Miguel, her young, insecure, and disoriented neighbor.',88,'Mexico','https://image.tmdb.org/t/p/w500/t2Ew8NZ8Ci2kqmoecZUNQUFDJnQ.jpg',8.4,1205254),(696374,'Gabriel\'s Inferno',2020,'An intriguing and sinful exploration of seduction, forbidden love, and redemption, Gabriel\'s Inferno is a captivating and wildly passionate tale of one man\'s escape from his own personal hell as he tries to earn the impossible--forgiveness and love.',122,'United States of America','https://image.tmdb.org/t/p/w500/oyG9TL7FcRP4EZ9Vid6uKzwdndz.jpg',8.4,935563),(704264,'Primal: Tales of Savagery',2019,'Genndy Tartakovsky\'s Primal: Tales of Savagery features a caveman and a dinosaur on the brink of extinction. Bonded by tragedy, this unlikely friendship becomes the only hope of survival.',85,'United States of America','https://image.tmdb.org/t/p/w500/9NBBkdxH0TjQEBSN2AzeE1sgsF9.jpg',8.4,185438),(715253,'Phantom',2023,'In 1933, when Korea was under Japanese occupation, five people in Gyeongseong are suspected to be \"Phantom\" spies of the anti-Japanese organization.',132,'South Korea','https://image.tmdb.org/t/p/w500/n1rxZ4wovf7BYhLNwCqde8I3I2N.jpg',6.9,1293710),(715287,'Stepmom\'s Desire',2020,'Sang-jin, who was envious of her neighbor after getting a beautiful wife, Ask your wife\'s friend Gian to take over the son\'s extracurricular teacher, Sang-jin, who left work early, accidentally sees Gian\'s shower. A man who wants to have sex with his son\'s tutor, And a son who wants to have a good time with a young stepmom, Ji-an and Jin-hee, who want money, are disappointed with her husband, and Bin-jin gives her body to a young son.',78,'South Korea','https://image.tmdb.org/t/p/w500/rYC6UyML4CU4zYiZVbDMrwnGyWW.jpg',7.1,2513312),(724089,'Gabriel\'s Inferno: Part II',2020,'Professor Gabriel Emerson finally learns the truth about Julia Mitchell\'s identity, but his realization comes a moment too late. Julia is done waiting for the well-respected Dante specialist to remember her and wants nothing more to do with him. Can Gabriel win back her heart before she finds love in another\'s arms?',106,NULL,'https://image.tmdb.org/t/p/w500/x5o8cLZfEXMoZczTYWLrUo1P7UJ.jpg',8.4,935563),(749170,'Heads of State',2025,'The UK Prime Minister and US President have a public rivalry that risks their countries\' alliance. But when they become targets of a powerful enemy, they\'re forced to rely on each other as they go on a wild, multinational run. Allied with Noel, a brilliant MI6 agent, they must find a way to thwart a conspiracy that threatens the free world.',117,'United States of America','https://image.tmdb.org/t/p/w500/lVgE5oLzf7ABmzyASEVcjYyHI41.jpg',6.9,1169024),(755898,'War of the Worlds',2025,'Will Radford is a top analyst for Homeland Security who tracks potential threats through a mass surveillance program, until one day an attack by an unknown entity leads him to question whether the government is hiding something from him... and from the rest of the world.',91,'United States of America','https://image.tmdb.org/t/p/w500/yvirUYrva23IudARHn3mMGVxWqM.jpg',4.2,1634181),(761053,'Gabriel\'s Inferno: Part III',2020,'The final part of the film adaption of the erotic romance novel Gabriel\'s Inferno written by an anonymous Canadian author under the pen name Sylvain Reynard.',102,'United States of America','https://image.tmdb.org/t/p/w500/fYtHxTxlhzD4QWfEbrC1rypysSD.jpg',8.4,935563),(770156,'Lucy Shimmers and the Prince of Peace',2020,'Second chances start when a hardened criminal crosses paths with a precocious little girl who is helped by an angel to change hearts during the holiday season.',87,'United States of America','https://image.tmdb.org/t/p/w500/yfnJ5qIYx7q33fY4jqv9Pu95RSg.jpg',8.4,222497),(803796,'KPop Demon Hunters',2025,'When K-pop superstars Rumi, Mira and Zoey aren\'t selling out stadiums, they\'re using their secret powers to protect their fans from supernatural threats.',96,'United States of America','https://image.tmdb.org/t/p/w500/22AouvwlhlXbe3nrFcjzL24bvWH.jpg',8.4,3003169),(812455,'Victoria',2021,'Victoria is a woman betrayed, now on a mission for revenge and destroying anything that gets in her way.',20,'United States of America','https://image.tmdb.org/t/p/w500/aOSTW7ZitFAff06mZVXUnktejHY.jpg',8.5,237347),(820067,'The Quintessential Quintuplets Movie',2022,'When five lovely young girls who hate studying hire part-time tutor Futaro, he guides not only their education but also their hearts. Time spent has brought them all closer, with feelings growing within the girls and Futaro. As they finish their third year of high school and their last school festival approaches, they set their sights on what’s next. Is there a future with one of them and Futaro?',136,'Japan','https://image.tmdb.org/t/p/w500/sg7klpt1xwK1IJirBI9EHaqQwJ5.jpg',8.3,1495399),(846422,'The Old Guard 2',2025,'Andy and her team of immortal warriors fight with renewed purpose as they face a powerful new foe threatening their mission to protect humanity.',107,'United States of America','https://image.tmdb.org/t/p/w500/wqfu3bPLJaEWJVk3QOm0rKhxf1A.jpg',6.0,42138),(911430,'F1',2025,'Racing legend Sonny Hayes is coaxed out of retirement to lead a struggling Formula 1 team—and mentor a young hotshot driver—while chasing one more chance at glory.',156,'United States of America','https://image.tmdb.org/t/p/w500/9JePWGvgg1t4BOojyZEVQdOWjXO.jpg',7.6,86270),(950387,'A Minecraft Movie',2025,'Four misfits find themselves struggling with ordinary problems when they are suddenly pulled through a mysterious portal into the Overworld: a bizarre, cubic wonderland that thrives on imagination. To get back home, they\'ll have to master this world while embarking on a magical quest with an unexpected, expert crafter, Steve.',101,'Sweden','https://image.tmdb.org/t/p/w500/yFHHfHcUgGAxziP1C3lLt0q2T4s.jpg',6.4,53925),(980477,'Ne Zha 2',2025,'After a catastrophic event leaves their bodies destroyed, Ne Zha and Ao Bing are granted a fragile second chance at life. As tensions rise between the dragon clans and celestial forces, the two must undergo a series of perilous trials that will test their bond, challenge their identities, and decide the fate of both mortals and immortals.',144,'China','https://image.tmdb.org/t/p/w500/293Mo4GWf7Tl0TfAr5NFghqeMy7.jpg',8.0,2367353),(986056,'Thunderbolts*',2025,'After finding themselves ensnared in a death trap, seven disillusioned castoffs must embark on a dangerous mission that will force them to confront the darkest corners of their pasts.',127,'United States of America','https://image.tmdb.org/t/p/w500/hqcexYHbiTBfDIdDWxrxPtVndBX.jpg',7.4,836732),(986206,'Night Carnage',2025,'A blogger who is also a werewolf meets a dashing playboy with a dark secret of his own. Starring Logan Andrews and Christian Howard.',80,'United States of America','https://image.tmdb.org/t/p/w500/w0wjPQKhlqisSbylf1sWZiNyc2h.jpg',5.8,1395388),(1011477,'Karate Kid: Legends',2025,'After a family tragedy, kung fu prodigy Li Fong is uprooted from his home in Beijing and forced to move to New York City with his mother. When a new friend needs his help, Li enters a karate competition – but his skills alone aren\'t enough. Li\'s kung fu teacher Mr. Han enlists original Karate Kid Daniel LaRusso for help, and Li learns a new way to fight, merging their two styles into one for the ultimate martial arts showdown.',94,'United States of America','https://image.tmdb.org/t/p/w500/AEgggzRr1vZCLY86MAp93li43z.jpg',7.2,1674284),(1040229,'T.I.M.',2023,'Prosthetics scientist Abi and her adulterous husband Paul adjust to life outside the city as Abi begins working for high-tech company Integrate, developing a humanoid AI - T.I.M.',101,'United Kingdom','https://image.tmdb.org/t/p/w500/hlHJee7pGVslHjUBxdujdVkyGkl.jpg',5.7,1213325),(1058694,'Radical',2023,'In a Mexican border town plagued by neglect, corruption, and violence, a frustrated teacher tries an unorthodox new method to break through his students’ apathy and unlock their curiosity, their potential... and perhaps even their genius.',126,'Mexico','https://image.tmdb.org/t/p/w500/eGMkkbG85JUyXQEsbZKSnBrymts.jpg',8.4,931327),(1061474,'Superman',2025,'Superman, a journalist in Metropolis, embarks on a journey to reconcile his Kryptonian heritage with his human upbringing as Clark Kent.',130,'United States of America','https://image.tmdb.org/t/p/w500/ombsmhYUqR4qqOLOxAyr5V8hbyv.jpg',7.7,15218),(1071585,'M3GAN 2.0',2025,'After the underlying tech for M3GAN is stolen and misused by a powerful defense contractor to create a military-grade weapon known as Amelia, M3GAN\'s creator Gemma realizes that the only option is to resurrect M3GAN and give her a few upgrades, making her faster, stronger, and more lethal.',120,'United States of America','https://image.tmdb.org/t/p/w500/4a63rQqIDTrYNdcnTXdPsQyxVLo.jpg',7.6,1288796),(1078605,'Weapons',2025,'When all but one child from the same class mysteriously vanish on the same night at exactly the same time, a community is left questioning who or what is behind their disappearance.',129,'United States of America','https://image.tmdb.org/t/p/w500/cpf7vsRZ0MYRQcnLWteD5jK9ymT.jpg',7.7,84833),(1087192,'How to Train Your Dragon',2025,'On the rugged isle of Berk, where Vikings and dragons have been bitter enemies for generations, Hiccup stands apart, defying centuries of tradition when he befriends Toothless, a feared Night Fury dragon. Their unlikely bond reveals the true nature of dragons, challenging the very foundations of Viking society.',125,'United States of America','https://image.tmdb.org/t/p/w500/q5pXRYTycaeW6dEgsCrd4mYPmxM.jpg',8.0,69797),(1100988,'28 Years Later',2025,'Twenty-eight years since the rage virus escaped a biological weapons laboratory, now, still in a ruthlessly enforced quarantine, some have found ways to exist amidst the infected. One such group lives on a small island connected to the mainland by a single, heavily-defended causeway. When one member departs on a mission into the dark heart of the mainland, he discovers secrets, wonders, and horrors that have mutated not only the infected but other survivors as well.',115,'United Kingdom','https://image.tmdb.org/t/p/w500/mIg1qCkVxnAlM2TK3RUF0tdEXlE.jpg',6.9,2034),(1106289,'The Pickup',2025,'A routine cash pickup takes a wild turn when mismatched armored truck drivers Russell and Travis are ambushed by ruthless criminals led by savvy mastermind Zoe.',94,'United States of America','https://image.tmdb.org/t/p/w500/vFWvWhfAvij8UIngg2Vf6JV95Cr.jpg',6.6,20400),(1119878,'Ice Road: Vengeance',2025,'Big rig ice road driver Mike McCann travels to Nepal to scatter his late brother’s ashes on Mt. Everest. While on a packed tour bus traversing the deadly 12,000 ft. terrain of the infamous Road to the Sky, McCann and his mountain guide encounter a group of mercenaries and must fight to save themselves, the busload of innocent travelers, and the local villagers’ homeland.',113,'United States of America','https://image.tmdb.org/t/p/w500/cQN9rZj06rXMVkk76UF1DfBAico.jpg',6.9,876),(1124619,'Bride Hard',2025,'Sam is a secret agent whose toughest mission to date is pleasing her bride-to-be best friend at a lavish destination wedding. When a team of mercenaries crashes the party and takes the guests hostage, Sam is thrown into a fight unlike any before — one where she can’t risk blowing her cover or ruining the big day. As she takes on the bad guys in a high-stakes battle disguised as a fairy-tale affair, she realizes the real threat might be closer than she thinks.',105,'United States of America','https://image.tmdb.org/t/p/w500/3mExdWLSxAiUCb4NMcYmxSkO7n4.jpg',5.7,12786),(1125257,'Freakier Friday',2025,'Years after Tess and Anna endured an identity crisis, Anna now has a daughter of her own and a soon-to-be stepdaughter. As they navigate the myriad challenges that come when two families merge, Tess and Anna discover lightning might indeed strike twice.',111,'United States of America','https://image.tmdb.org/t/p/w500/9wV65OmsjLAqBfDnYTkMPutXH8j.jpg',7.0,1239766),(1135829,'Un Reino Para Todos Nosotros',2023,'Fran and Serendín are brothers and live in the Gran Arrabal. They both dream of one day leaving their town and traveling to The Kingdom, a paradise on earth sheltered behind great walls.For that they will have to ride The Beast, a huge creature that merchants use to transport goods to The Kingdom. An unexpected situation complicates Fran and Serendín\'s plans, separating them.Sister and brother will embark on an adventure to meet again and at the same time find themselves, in a fantastic world divided by visible and invisible borders.',86,'Mexico','https://image.tmdb.org/t/p/w500/6m6XcD6Gbfrir8BYVkta02xJoFq.jpg',6.0,1455218),(1136867,'Materialists',2025,'A young, ambitious New York City matchmaker finds herself torn between the perfect match and her imperfect ex.',116,'United States of America','https://image.tmdb.org/t/p/w500/eDo0pNruy0Qgj6BdTyHIR4cxHY8.jpg',6.7,2518227),(1151031,'Bring Her Back',2025,'Following the death of their father, a brother and sister are introduced to their new sibling by their foster mother, only to learn that she has a terrifying secret.',104,'Australia','https://image.tmdb.org/t/p/w500/tObSf1VzzHt9xB0csanFtb3DRjf.jpg',7.4,2070452),(1152798,'Game On',2024,'Issam has one dream: to become a pro gamer. When his grades start to fail again, his mother has only one solution: she throws his computer in the trash, and his world collapses. What Issam doesn\'t know is that at that very moment, the real world is about to collapse as well. Malicious AI has taken over the newly opened arcade and brought the gaming world into the real world. Less than a few hours later, the BIVD (Supernatural Intelligence and Security Service) arrives at his door. Issam, along with the top eight gamers in the world, including his idol, Ripvis, must battle through five real-life game levels to defeat the AI. Will they be able to combine their skills and save the world?',0,'Netherlands','https://image.tmdb.org/t/p/w500/drmtSE6kmhZpqaoU2zgbEra76D8.jpg',5.0,1382644),(1155281,'Creation of the Gods II: Demon Force',2025,'Taishi Wen Zhong led the army of Shang Dynasty including Deng Chanyu and four generals of the Mo Family to Xiqi. With the help of Kunlun immortals such as Jiang Ziya, Ji Fa led the army and civilians of Xiqi to defend their homeland.',145,'China','https://image.tmdb.org/t/p/w500/dfUCs5HNtGu4fofh83uiE2Qcy3v.jpg',6.3,232685),(1175942,'The Bad Guys 2',2025,'The now-reformed Bad Guys are trying (very, very hard) to be good, but instead find themselves hijacked into a high-stakes, globe-trotting heist, masterminded by a new team of criminals they never saw coming: The Bad Girls.',104,'United States of America','https://image.tmdb.org/t/p/w500/26oSPnq0ct59l07QOXZKyzsiRtN.jpg',7.6,1261455),(1181540,'Guns Up',2025,'When a job goes horribly wrong, an ex-cop and family man who moonlights as a mob henchman has one night to get his family out of the city.',92,'United States of America','https://image.tmdb.org/t/p/w500/3RokBWEkQqJRZEVP3DPwGm5MYh6.jpg',6.9,2613318),(1184918,'The Wild Robot',2024,'After a shipwreck, an intelligent robot called Roz is stranded on an uninhabited island. To survive the harsh environment, Roz bonds with the island\'s animals and cares for an orphaned baby goose.',102,'United States of America','https://image.tmdb.org/t/p/w500/wTnV3PCVW5O92JMrFvvrRcV39RU.jpg',8.3,66193),(1185528,'Legends of the Condor Heroes: The Gallants',2025,'Under Genghis Khan, the Mongolian army pushes west to destroy the Jin Dynasty, setting its sights on the Song Dynasty next. Amid internal conflicts among martial arts schools, Guo Jing unites the Central Plains\' warriors to defend Xiangyang, embodying courage and loyalty in the fight for the nation.',147,'China','https://image.tmdb.org/t/p/w500/fUCFEGFlMIFet9ja72JDAeG1he8.jpg',6.2,26760),(1188423,'Site',2025,'After a terrifying encounter at an abandoned government test site, a small town family man begins seeing haunting visions of a past that threatens to destroy his present.',110,'United States of America','https://image.tmdb.org/t/p/w500/wydPRb0Zs4lBANfvu0iEEpxULyv.jpg',5.8,2123600),(1195631,'William Tell',2025,'The narrative unfolds in the 14th Century, when the European nations vie for supremacy within the Holy Roman Empire. The ambitious Austrian Empire, desiring more land, invades neighbouring Switzerland, a serene and pastoral nation. Protagonist William Tell, a formerly peaceful hunter, finds himself forced to take action as his family and homeland come under threat from the oppressive Austrian King and his ruthless warlords.',133,'Italy','https://image.tmdb.org/t/p/w500/8SdaetXSTPyQVDb5pTEPRLBSx15.jpg',6.3,6361),(1225572,'Screamboat',2025,'A late-night boat ride turns into a desperate fight for survival in New York City when a mischievous mouse becomes a monstrous reality.',102,'United States of America','https://image.tmdb.org/t/p/w500/78xGAhQaKpgq9TI08XK40Ua2bGx.jpg',5.4,2056061),(1234821,'Jurassic World Rebirth',2025,'Five years after the events of Jurassic World Dominion, covert operations expert Zora Bennett is contracted to lead a skilled team on a top-secret mission to secure genetic material from the world\'s three most massive dinosaurs. When Zora\'s operation intersects with a civilian family whose boating expedition was capsized, they all find themselves stranded on an island where they come face-to-face with a sinister, shocking discovery that\'s been hidden from the world for decades.',134,'United States of America','https://image.tmdb.org/t/p/w500/1RICxzeoNCAO5NpcRMIgg1XT6fm.jpg',6.4,129894),(1236471,'Everyone Is Going to Die',2025,'On his daughter\'s birthday, a wealthy father\'s reconciliation attempt is hijacked by two female burglars. A shakedown evolves into a lethal cat-and-mouse as hidden motives emerge, culminating in a life-altering revelation.',82,'United Kingdom','https://image.tmdb.org/t/p/w500/wg5l81zU4Rd6I1WrAYOGzssRgmw.jpg',5.6,1487864),(1241470,'Osiris',2025,'Special Forces commandos on a mission are abducted mid-operation by a mysterious spacecraft. Upon waking aboard, they find themselves prey to a relentless alien race in a fight for survival.',105,'United States of America','https://image.tmdb.org/t/p/w500/3YtZHtXPNG5AleisgEatEfZOT2w.jpg',6.4,228177),(1263256,'Happy Gilmore 2',2025,'Happy Gilmore isn\'t done with golf — not by a long shot. Since his retirement after his first Tour Championship win, Gilmore returns to finance his daughter\'s ballet classes.',118,'United States of America','https://image.tmdb.org/t/p/w500/ynT06XivgBDkg7AtbDbX1dJeBGY.jpg',6.7,1254001),(1280461,'Dirty Ice Cream',2024,'Villagers are experiencing an extreme heat. Two hot ice cream vendors come to the village to sell ice cream. With electricity out, the women of the subdivision take turns having the vendors satisfy their every needs.',44,'Philippines','https://image.tmdb.org/t/p/w500/qrD5DuwYuzdwcT5MAeopA4vZfIN.jpg',5.3,1456125),(1285247,'Murder Company',2024,'In the midst of the D-Day invasion, a group of US soldiers are given orders to smuggle a member of the French Resistance behind enemy lines to assassinate a high-value Nazi target.',86,'Bulgaria','https://image.tmdb.org/t/p/w500/eUjzUUFm1dEUR6U4r0C6s9L2FEd.jpg',5.6,59502),(1307078,'My Oxford Year',2025,'An ambitious American fulfilling her dream of studying at Oxford falls for a charming Brit hiding a secret that may upend her perfectly planned life.',113,'United States of America','https://image.tmdb.org/t/p/w500/jrhXbIOFingzdLjkccjg9vZnqIp.jpg',7.2,84740),(1311031,'Demon Slayer: Kimetsu no Yaiba Infinity Castle',2025,'As the Demon Slayer Corps members and Hashira engaged in a group strength training program, the Hashira Training, in preparation for the forthcoming battle against the demons, Muzan Kibutsuji appears at the Ubuyashiki Mansion. With the head of the Demon Corps in danger, Tanjiro and the Hashira rush to the headquarters but are plunged into a deep descent to a mysterious space by the hands of Muzan Kibutsuji.  The destination of where Tanjiro and Demon Slayer Corps have fallen is the demons\' stronghold – the Infinity Castle. And so, the battleground is set as the final battle between the Demon Slayer Corps and the demons ignites.',155,'Japan','https://image.tmdb.org/t/p/w500/aFRDH3P7TX61FVGpaLhKr6QiOC1.jpg',7.1,1283010),(1315986,'Man with No Past',2025,'Waking up in an unfamiliar city, a man with no memory must confront the mysteries of his own identity. However, his desperate search to uncover the past pits him against a powerful enemy, leading to a showdown that ultimately reveals the truth.',103,'United States of America','https://image.tmdb.org/t/p/w500/eWHvROuznSzcxBAAkzX1X0Rmzoe.jpg',6.6,113194),(1319895,'Hostile Takeover',2025,'Follows Pete, a professional hitman, as he faces a group of assassins after the boss of a crime syndicate suspects disloyalty due to his attendance at Workaholics Anonymous meetings.',89,'United States of America','https://image.tmdb.org/t/p/w500/vntwlS3CAKfoLTs90GaoK6lymBC.jpg',8.2,96040),(1339166,'Shaman',2025,'A Missionary converting an Indigenous Community in a remote Ecuadorian volcano must come to terms with her own Faith when her son is possessed by dark forces older than her own religion.',93,'Ecuador','https://image.tmdb.org/t/p/w500/ltLqm9f9Ma3iCFmfXNHenzPEqda.jpg',5.5,240735),(1353328,'Hook',2025,'Driven by a hallucinogenic drug and a thirst for revenge, James Hook murders John Darling and loses his hand to Peter Pan. Eighteen years later, Wendy, now married to Peter, has a daughter, Lily. Lily discovers Hook is her biological father, leading her to a remote birthday retreat. Hook escapes prison and embarks on a killing spree, targeting Lily and her friends at the manor.',78,'United Kingdom','https://image.tmdb.org/t/p/w500/uMCGeXaiCHQNBgh7em4Gaf73e0i.jpg',5.8,4217537),(1365103,'Marriage Unplugged',2024,'Unhappy in their marriage, Suzanna and Andrew buy a male sex robot called James, who consequently uncovers the deep fractures in their relationship.',15,'United Kingdom','https://image.tmdb.org/t/p/w500/3H99Wl52sBPRqXZ3LJjgODOLfwX.jpg',7.0,1688085),(1374534,'Almost Cops',2025,'When an overeager community officer and a reckless ex-detective are forced to team up, plenty of chaos ensues on the streets of Rotterdam.',95,'Netherlands','https://image.tmdb.org/t/p/w500/7bcndiaTgu1Kj5a6qyCmsWYdtI.jpg',5.9,2140028),(1403735,'Laila',2025,'Sonu Model, a renowned beautician from the old city, is forced to disguise himself as Laila, leading to a series of comedic, romantic, and action-packed events. Chaos ensues in this hilarious laugh riot',134,'India','https://image.tmdb.org/t/p/w500/l4gsNxFPGpzbq0D6QK1a8vO1lBz.jpg',5.8,5240969),(1452176,'Abraham\'s Boys: A Dracula Story',2025,'Following the events of Dracula, Abraham van Helsing moves his two sons, Max and Rudy, to the US in an attempt to escape their past. It does not work.',89,'United States of America','https://image.tmdb.org/t/p/w500/e10AbPwcJk5b7ja3MQUVr5wHEeq.jpg',5.2,1765107),(1452182,'This Time It Will Work!',2025,NULL,NULL,NULL,NULL,NULL,NULL);
/*!40000 ALTER TABLE `movie` ENABLE KEYS */;
UNLOCK TABLES;
/*!50003 SET @saved_cs_client      = @@character_set_client */ ;
/*!50003 SET @saved_cs_results     = @@character_set_results */ ;
/*!50003 SET @saved_col_connection = @@collation_connection */ ;
/*!50003 SET character_set_client  = utf8mb4 */ ;
/*!50003 SET character_set_results = utf8mb4 */ ;
/*!50003 SET collation_connection  = utf8mb4_0900_ai_ci */ ;
/*!50003 SET @saved_sql_mode       = @@sql_mode */ ;
/*!50003 SET sql_mode              = 'ONLY_FULL_GROUP_BY,STRICT_TRANS_TABLES,NO_ZERO_IN_DATE,NO_ZERO_DATE,ERROR_FOR_DIVISION_BY_ZERO,NO_ENGINE_SUBSTITUTION' */ ;
DELIMITER ;;
/*!50003 CREATE*/ /*!50017 DEFINER=`root`@`localhost`*/ /*!50003 TRIGGER `trg_AfterMovieUpdate` AFTER UPDATE ON `movie` FOR EACH ROW BEGIN
    INSERT INTO Movie_Log (MovieID, ActionType)
    VALUES (NEW.MovieID, CONCAT('Movie details updated. New score: ', NEW.TMDbScore));
END */;;
DELIMITER ;
/*!50003 SET sql_mode              = @saved_sql_mode */ ;
/*!50003 SET character_set_client  = @saved_cs_client */ ;
/*!50003 SET character_set_results = @saved_cs_results */ ;
/*!50003 SET collation_connection  = @saved_col_connection */ ;

--
-- Table structure for table `movie_actor`
--

DROP TABLE IF EXISTS `movie_actor`;
/*!40101 SET @saved_cs_client     = @@character_set_client */;
/*!50503 SET character_set_client = utf8mb4 */;
CREATE TABLE `movie_actor` (
  `MovieID` int NOT NULL,
  `PersonID` int NOT NULL,
  PRIMARY KEY (`MovieID`,`PersonID`),
  KEY `PersonID` (`PersonID`),
  CONSTRAINT `movie_actor_ibfk_1` FOREIGN KEY (`MovieID`) REFERENCES `movie` (`MovieID`) ON DELETE CASCADE,
  CONSTRAINT `movie_actor_ibfk_2` FOREIGN KEY (`PersonID`) REFERENCES `person` (`PersonID`) ON DELETE CASCADE
) ENGINE=InnoDB DEFAULT CHARSET=utf8mb4 COLLATE=utf8mb4_unicode_ci;
/*!40101 SET character_set_client = @saved_cs_client */;

--
-- Dumping data for table `movie_actor`
--

LOCK TABLES `movie_actor` WRITE;
/*!40000 ALTER TABLE `movie_actor` DISABLE KEYS */;
INSERT INTO `movie_actor` VALUES (1891,2),(1891,3),(1891,4),(1891,6),(13,31),(497,31),(13,32),(13,33),(13,34),(13,35),(497,52),(680,62),(120,65),(120,109),(121,109),(122,109),(120,110),(121,110),(122,110),(680,139),(429,190),(278,192),(807,192),(550,287),(807,287),(911430,287),(274,349),(240,380),(311,380),(769,380),(575265,500),(278,504),(510,514),(510,518),(105,521),(128,622),(19404,691),(1106289,776),(244786,781),(73,819),(550,819),(73,820),(73,821),(73,823),(73,824),(567,854),(274,1038),(105,1062),(105,1063),(105,1064),(105,1066),(238,1158),(240,1158),(1234821,1245),(550,1283),(120,1327),(121,1327),(122,1327),(120,1328),(121,1328),(122,1328),(121,1333),(122,1333),(510,1370),(155,1579),(15804,1622),(155,1810),(157336,1813),(157336,1893),(389,1936),(539,1936),(680,2231),(7451,2231),(1188423,2249),(424,2282),(1184918,2440),(497,2505),(27205,2524),(1241470,2713),(238,3084),(238,3085),(238,3086),(238,3087),(240,3087),(240,3092),(240,3096),(429,3265),(1061474,3292),(423,3490),(423,3491),(1891,3799),(911430,3810),(155,3894),(155,3895),(157336,3895),(424,3896),(1119878,3896),(27205,3899),(278,4029),(567,4070),(429,4078),(274,4173),(1263256,4443),(311,4512),(311,4513),(311,4514),(311,4515),(769,4517),(637,4818),(497,5149),(541671,5168),(389,5247),(389,5248),(389,5249),(389,5250),(424,5469),(1100988,5469),(1285247,5528),(541671,5657),(429,5813),(429,5814),(13499,6065),(27205,6193),(19404,6217),(155,6383),(541671,6384),(278,6573),(278,6574),(423,6637),(423,6638),(423,6639),(424,6692),(424,6693),(1175942,6807),(1181540,6832),(846422,6885),(1181540,6886),(541671,6972),(769,7004),(510,7071),(510,7072),(1285247,7090),(539,7301),(539,7302),(539,7303),(539,7304),(1263256,7399),(346,7450),(12493,7450),(346,7453),(346,7454),(550,7470),(550,7499),(567,7683),(567,7684),(567,7685),(598,8595),(598,8596),(598,8597),(598,8598),(598,8599),(40096,8600),(680,8891),(1125257,8944),(755898,9048),(637,9235),(637,9236),(637,9237),(637,9239),(372754,9720),(755898,9778),(14537,10071),(1315986,10127),(680,10182),(575265,10182),(157336,10297),(911430,10920),(575265,11108),(1087192,11109),(769,11477),(769,11478),(1011477,11866),(807,12052),(807,12055),(4935,12670),(7451,12835),(12493,13251),(13499,14343),(749170,14887),(1307078,15336),(274,15854),(986056,15886),(274,16293),(1136867,16828),(1078605,16851),(1087192,17276),(749170,17605),(13499,17743),(749170,17832),(7451,18514),(1011477,18897),(244786,18999),(1339166,19154),(1263256,19292),(129,19587),(129,19588),(378064,19588),(129,19589),(129,19590),(129,19591),(4935,19592),(1125257,19728),(11216,20030),(128,20330),(128,20331),(128,20332),(128,20333),(4935,20338),(1188423,20373),(812455,20562),(496243,20738),(346,20828),(346,20829),(12493,20830),(7451,20982),(1315986,20982),(617126,21042),(1011477,21702),(27205,24045),(11216,24366),(1100988,27428),(27205,27578),(1040229,27631),(11216,27643),(803796,28662),(1285247,29234),(1078605,30082),(807,30487),(1263256,31171),(13499,31838),(1181540,32895),(12493,34374),(1124619,34612),(986056,35029),(19404,35742),(1234821,36669),(1452176,39389),(1061474,39391),(575265,39459),(1151031,39658),(1181540,40481),(1374534,45748),(1125257,49265),(1188423,51683),(1061474,51797),(1188423,51995),(755898,52605),(1106289,52605),(7451,53347),(1225572,54856),(19404,55061),(13499,55084),(1119878,55174),(749170,56446),(648878,56680),(1185528,56861),(552524,58225),(1315986,58428),(1285247,58723),(574475,58724),(1365103,58915),(704264,60300),(755898,60482),(986056,60898),(497,61981),(911430,62105),(1175942,64342),(1119878,64439),(1319895,64856),(575265,65344),(552524,66193),(1040229,66443),(11216,68635),(12493,70131),(14537,70131),(950387,70851),(1078605,71375),(12477,72413),(12477,72414),(12477,72415),(12477,72416),(846422,73381),(648878,73421),(696374,73659),(1236471,74442),(1106289,74688),(1181540,75309),(14537,76976),(14537,76977),(648878,77013),(749170,77234),(1452176,78804),(1234821,80860),(157336,83002),(255709,85008),(715253,85008),(40096,87341),(1285247,87817),(1311031,90571),(1152798,91352),(1319895,92614),(255709,93252),(372754,93801),(1241470,94864),(611251,95586),(40096,102551),(15804,103598),(1319895,107810),(1365103,109319),(1403735,109743),(1040229,110425),(496243,115290),(950387,117642),(1136867,118545),(820067,119143),(1311031,119145),(11216,120152),(40096,123757),(40096,123758),(255709,123820),(1241470,124304),(14537,125721),(372754,126698),(1155281,128026),(244786,129104),(324857,130640),(569094,130640),(1374534,140522),(552524,141034),(569094,141610),(803796,144279),(574475,144852),(19404,146971),(1078605,148992),(15804,150162),(1195631,150802),(1136867,164094),(617126,202032),(1136867,209063),(1151031,216979),(1124619,221098),(1124619,221581),(378064,221773),(1339166,221840),(667257,224508),(541671,224513),(4935,225730),(372058,225730),(324857,226366),(569094,226366),(1263256,227564),(1195631,229932),(820067,233590),(1311031,233590),(1058694,239574),(1403735,312870),(846422,509344),(4935,533325),(324857,543505),(569094,543505),(696374,544002),(724089,544002),(761053,544002),(617126,556356),(496243,556435),(1403735,584878),(324857,587506),(569094,587506),(324857,932967),(1234821,932967),(846422,935235),(372058,936275),(378064,936275),(1078605,936970),(667257,941366),(244786,970216),(820067,992869),(1061474,993774),(244786,996701),(1100988,997644),(611251,1014848),(378064,1065297),(1071585,1071699),(820067,1072776),(950387,1075037),(15804,1088685),(1241470,1094385),(1374534,1102349),(1236471,1102367),(986206,1131215),(1155281,1133067),(1339166,1152662),(1234821,1168097),(1374534,1171407),(1124619,1180099),(696374,1188681),(724089,1188681),(986206,1203710),(372058,1210634),(704264,1218986),(1175942,1231717),(617126,1253360),(648878,1253360),(1136867,1253360),(1184918,1253360),(652837,1254260),(652837,1255318),(1071585,1255540),(496243,1255881),(1311031,1256603),(378064,1258549),(1315986,1262750),(986206,1265254),(1184918,1267329),(704264,1281304),(1106289,1292258),(15804,1293234),(255709,1299243),(255709,1299244),(1188423,1305610),(696374,1312450),(724089,1312450),(761053,1312450),(1452176,1313564),(1280461,1319939),(1307078,1331457),(1040229,1335315),(715253,1364528),(372058,1369100),(986056,1373737),(667257,1379379),(1184918,1381186),(1100988,1388593),(1106289,1427948),(496243,1442583),(715253,1442583),(574475,1482198),(1241470,1492326),(1236471,1496259),(667257,1508206),(1195631,1508785),(820067,1530921),(1184918,1538851),(1339166,1538879),(1124619,1542878),(574475,1547148),(667257,1549908),(1175942,1560244),(1311031,1563442),(803796,1571598),(715253,1591370),(715253,1593672),(617126,1597365),(1195631,1599391),(1155281,1612192),(1374534,1620208),(1175942,1625558),(755898,1632530),(1125257,1651362),(372058,1668610),(652837,1671407),(1152798,1676582),(652837,1691384),(986056,1700685),(652837,1772522),(1061474,1785590),(1040229,1799858),(715287,1814297),(611251,1820446),(704264,1836598),(911430,1837297),(1151031,1840063),(761053,1844204),(1225572,1863450),(1058694,1875322),(1225572,1880016),(846422,1884703),(1152798,1889859),(1403735,1893251),(620249,1907244),(1353328,1913029),(803796,1948606),(1011477,2030076),(1319895,2041402),(1071585,2043430),(1087192,2064124),(1185528,2084790),(986206,2091809),(1307078,2104260),(1195631,2112439),(1071585,2131391),(620249,2156556),(611251,2164901),(620249,2196313),(620249,2207399),(372754,2258797),(620249,2339317),(724089,2345991),(761053,2345991),(615453,2367355),(980477,2367355),(615453,2367356),(980477,2367356),(615453,2368846),(980477,2368846),(615453,2368848),(980477,2368848),(615453,2368849),(980477,2368849),(648878,2380397),(770156,2430234),(1119878,2459258),(1452176,2476450),(715287,2486773),(715287,2553497),(812455,2557971),(696374,2595115),(724089,2595115),(761053,2595115),(950387,2604515),(1185528,2611997),(715287,2619408),(1365103,2625592),(1152798,2626272),(770156,2643437),(950387,2680307),(1125257,2705566),(1087192,2803710),(770156,2875508),(1152798,2946952),(803796,2983147),(986206,2993340),(1452176,3013234),(552524,3025125),(812455,3031975),(812455,3031978),(1011477,3033265),(1353328,3124678),(1403735,3154351),(1155281,3193743),(1151031,3253214),(1353328,3323741),(1365103,3427171),(1071585,3444018),(574475,3480304),(1307078,3486663),(1236471,3587737),(1280461,3718714),(1225572,3731720),(12477,3773484),(1087192,3792786),(1280461,3878240),(1307078,3882558),(1058694,3895926),(1058694,3895927),(1058694,3895928),(770156,3966921),(552524,3988423),(812455,4002427),(1353328,4097903),(1315986,4161214),(1155281,4176055),(1353328,4429415),(1225572,4479440),(611251,4488113),(1280461,4676098),(1280461,4676099),(1151031,4741316),(1185528,4809370),(1319895,4843447),(1339166,4905413),(1100988,5107934),(1185528,5137536),(1236471,5208022),(1119878,5538791);
/*!40000 ALTER TABLE `movie_actor` ENABLE KEYS */;
UNLOCK TABLES;

--
-- Table structure for table `movie_genre`
--

DROP TABLE IF EXISTS `movie_genre`;
/*!40101 SET @saved_cs_client     = @@character_set_client */;
/*!50503 SET character_set_client = utf8mb4 */;
CREATE TABLE `movie_genre` (
  `MovieID` int NOT NULL,
  `GenreID` int NOT NULL,
  PRIMARY KEY (`MovieID`,`GenreID`),
  KEY `GenreID` (`GenreID`),
  CONSTRAINT `movie_genre_ibfk_1` FOREIGN KEY (`MovieID`) REFERENCES `movie` (`MovieID`) ON DELETE CASCADE,
  CONSTRAINT `movie_genre_ibfk_2` FOREIGN KEY (`GenreID`) REFERENCES `genre` (`GenreID`) ON DELETE CASCADE
) ENGINE=InnoDB DEFAULT CHARSET=utf8mb4 COLLATE=utf8mb4_unicode_ci;
/*!40101 SET character_set_client = @saved_cs_client */;

--
-- Dumping data for table `movie_genre`
--

LOCK TABLES `movie_genre` WRITE;
/*!40000 ALTER TABLE `movie_genre` DISABLE KEYS */;
INSERT INTO `movie_genre` VALUES (105,12),(120,12),(121,12),(122,12),(128,12),(1891,12),(4935,12),(7451,12),(27205,12),(157336,12),(324857,12),(552524,12),(569094,12),(575265,12),(615453,12),(617126,12),(704264,12),(950387,12),(980477,12),(986056,12),(1011477,12),(1061474,12),(1087192,12),(1135829,12),(1152798,12),(1175942,12),(1234821,12),(120,14),(121,14),(122,14),(128,14),(129,14),(497,14),(4935,14),(40096,14),(615453,14),(620249,14),(803796,14),(846422,14),(950387,14),(980477,14),(1087192,14),(1125257,14),(1155281,14),(1311031,14),(128,16),(129,16),(4935,16),(12477,16),(324857,16),(372058,16),(372754,16),(378064,16),(569094,16),(615453,16),(620249,16),(652837,16),(704264,16),(803796,16),(820067,16),(980477,16),(1135829,16),(1175942,16),(1184918,16),(1311031,16),(13,18),(73,18),(155,18),(238,18),(240,18),(274,18),(278,18),(311,18),(346,18),(389,18),(423,18),(424,18),(497,18),(510,18),(550,18),(598,18),(637,18),(680,18),(769,18),(11216,18),(12477,18),(12493,18),(14537,18),(15804,18),(19404,18),(40096,18),(157336,18),(244786,18),(255709,18),(372058,18),(378064,18),(496243,18),(611251,18),(652837,18),(667257,18),(696374,18),(704264,18),(715287,18),(724089,18),(761053,18),(770156,18),(911430,18),(1011477,18),(1058694,18),(1119878,18),(1136867,18),(1185528,18),(1195631,18),(1236471,18),(1263256,18),(1280461,18),(1307078,18),(1315986,18),(1365103,18),(539,27),(574475,27),(986206,27),(1040229,27),(1078605,27),(1100988,27),(1151031,27),(1188423,27),(1225572,27),(1236471,27),(1241470,27),(1339166,27),(1353328,27),(1452176,27),(120,28),(121,28),(122,28),(155,28),(346,28),(1891,28),(7451,28),(14537,28),(27205,28),(324857,28),(541671,28),(569094,28),(575265,28),(620249,28),(704264,28),(715253,28),(749170,28),(812455,28),(846422,28),(911430,28),(950387,28),(980477,28),(986056,28),(986206,28),(1011477,28),(1061474,28),(1071585,28),(1087192,28),(1106289,28),(1119878,28),(1124619,28),(1155281,28),(1181540,28),(1185528,28),(1195631,28),(1234821,28),(1241470,28),(1285247,28),(1311031,28),(1315986,28),(1319895,28),(1374534,28),(13,35),(105,35),(637,35),(680,35),(13499,35),(19404,35),(40096,35),(496243,35),(552524,35),(648878,35),(749170,35),(803796,35),(820067,35),(950387,35),(1106289,35),(1124619,35),(1125257,35),(1152798,35),(1175942,35),(1181540,35),(1225572,35),(1263256,35),(1307078,35),(1319895,35),(1365103,35),(1374534,35),(1403735,35),(424,36),(14537,36),(1185528,36),(1195631,36),(429,37),(648878,37),(155,53),(274,53),(539,53),(550,53),(567,53),(680,53),(807,53),(7451,53),(12493,53),(496243,53),(541671,53),(575265,53),(715253,53),(749170,53),(755898,53),(1040229,53),(1071585,53),(1100988,53),(1119878,53),(1188423,53),(1236471,53),(1311031,53),(1319895,53),(155,80),(238,80),(240,80),(274,80),(278,80),(311,80),(497,80),(598,80),(680,80),(769,80),(807,80),(7451,80),(12493,80),(15804,80),(541671,80),(648878,80),(715253,80),(1106289,80),(1175942,80),(1181540,80),(1374534,80),(105,878),(1891,878),(27205,878),(157336,878),(324857,878),(552524,878),(569094,878),(617126,878),(755898,878),(986056,878),(1040229,878),(1061474,878),(1071585,878),(1100988,878),(1135829,878),(1184918,878),(1188423,878),(1234821,878),(1241470,878),(1365103,878),(539,9648),(567,9648),(807,9648),(574475,9648),(1078605,9648),(1374534,9648),(244786,10402),(803796,10402),(13,10749),(11216,10749),(13499,10749),(15804,10749),(19404,10749),(372058,10749),(372754,10749),(378064,10749),(611251,10749),(652837,10749),(696374,10749),(715287,10749),(724089,10749),(761053,10749),(820067,10749),(986206,10749),(1136867,10749),(1307078,10749),(1403735,10749),(129,10751),(13499,10751),(552524,10751),(667257,10751),(770156,10751),(803796,10751),(950387,10751),(1087192,10751),(1125257,10751),(1175942,10751),(1184918,10751),(423,10752),(424,10752),(12477,10752),(1155281,10752),(1285247,10752);
/*!40000 ALTER TABLE `movie_genre` ENABLE KEYS */;
UNLOCK TABLES;

--
-- Table structure for table `movie_log`
--

DROP TABLE IF EXISTS `movie_log`;
/*!40101 SET @saved_cs_client     = @@character_set_client */;
/*!50503 SET character_set_client = utf8mb4 */;
CREATE TABLE `movie_log` (
  `LogID` int NOT NULL AUTO_INCREMENT,
  `MovieID` int DEFAULT NULL,
  `ActionType` varchar(255) COLLATE utf8mb4_unicode_ci DEFAULT NULL,
  `LogTimestamp` timestamp NULL DEFAULT CURRENT_TIMESTAMP,
  PRIMARY KEY (`LogID`)
) ENGINE=InnoDB DEFAULT CHARSET=utf8mb4 COLLATE=utf8mb4_unicode_ci;
/*!40101 SET character_set_client = @saved_cs_client */;

--
-- Dumping data for table `movie_log`
--

LOCK TABLES `movie_log` WRITE;
/*!40000 ALTER TABLE `movie_log` DISABLE KEYS */;
/*!40000 ALTER TABLE `movie_log` ENABLE KEYS */;
UNLOCK TABLES;

--
-- Table structure for table `person`
--

DROP TABLE IF EXISTS `person`;
/*!40101 SET @saved_cs_client     = @@character_set_client */;
/*!50503 SET character_set_client = utf8mb4 */;
CREATE TABLE `person` (
  `PersonID` int NOT NULL AUTO_INCREMENT,
  `FullName` varchar(255) COLLATE utf8mb4_unicode_ci NOT NULL,
  `BirthDate` date DEFAULT NULL,
  `Gender` varchar(50) COLLATE utf8mb4_unicode_ci DEFAULT NULL,
  `Nationality` varchar(100) COLLATE utf8mb4_unicode_ci DEFAULT NULL,
  PRIMARY KEY (`PersonID`)
) ENGINE=InnoDB AUTO_INCREMENT=5538792 DEFAULT CHARSET=utf8mb4 COLLATE=utf8mb4_unicode_ci;
/*!40101 SET character_set_client = @saved_cs_client */;

--
-- Dumping data for table `person`
--

LOCK TABLES `person` WRITE;
/*!40000 ALTER TABLE `person` DISABLE KEYS */;
INSERT INTO `person` VALUES (2,'Mark Hamill','1951-09-25','Male','Oakland, California, USA'),(3,'Harrison Ford','1942-07-13','Male','Chicago, Illinois, USA'),(4,'Carrie Fisher','1956-10-21','Female','Beverly Hills, Los Angeles, California, USA'),(6,'Anthony Daniels','1946-02-21','Male','Salisbury, Wiltshire, England, UK'),(24,'Robert Zemeckis','1951-05-14','Male','Chicago, Illinois, U.S.A.'),(31,'Tom Hanks','1956-07-09','Male','Concord, California, USA'),(32,'Robin Wright','1966-04-08','Female','Dallas, Texas, USA'),(33,'Gary Sinise','1955-03-17','Male','Blue Island, Illinois, USA'),(34,'Mykelti Williamson','1957-03-04','Male','St. Louis, Missouri, USA'),(35,'Sally Field','1946-11-06','Female','Pasadena, California, USA'),(52,'David Morse','1953-10-11','Male','Hamilton, Massachusetts, USA'),(62,'Bruce Willis','1955-03-19','Male','Idar-Oberstein, West Germany [now Germany]'),(65,'Ian Holm','1931-09-12','Male','Goodmayes, Essex, England, UK'),(108,'Peter Jackson','1961-10-31','Male','Pukerua Bay, North Island, New Zealand'),(109,'Elijah Wood','1981-01-28','Male','Cedar Rapids, Iowa, USA'),(110,'Viggo Mortensen','1958-10-20','Male','Watertown, New York, USA'),(138,'Quentin Tarantino','1963-03-27','Male','Knoxville, Tennessee, USA'),(139,'Uma Thurman','1970-04-29','Female','Boston, Massachusetts, USA'),(190,'Clint Eastwood','1930-05-31','Male','San Francisco, California, USA'),(192,'Morgan Freeman','1937-06-01','Male','Memphis, Tennessee, USA'),(287,'Brad Pitt','1963-12-18','Male','Shawnee, Oklahoma, USA'),(349,'Scott Glenn','1939-01-26','Male','Pittsburgh, Pennsylvania, USA'),(380,'Robert De Niro','1943-08-17','Male','Greenwich Village, New York City, New York, USA'),(488,'Steven Spielberg','1946-12-18','Male','Cincinnati, Ohio, USA'),(500,'Tom Cruise','1962-07-03','Male','Syracuse, New York, USA'),(504,'Tim Robbins','1958-10-16','Male','West Covina, California, USA'),(514,'Jack Nicholson','1937-04-22','Male','Manhattan, New York, USA'),(518,'Danny DeVito','1944-11-17','Male','Asbury Park, New Jersey, USA'),(521,'Michael J. Fox','1961-06-09','Male','Edmonton, Alberta, Canada'),(525,'Christopher Nolan','1970-07-30','Male','Westminster, London, England, UK'),(608,'Hayao Miyazaki','1941-01-05','Male','Tokyo, Japan'),(622,'Yoji Matsuda','1967-10-19','Male','Tokyo, Tokyo Prefecture, Japan'),(628,'Isao Takahata','1935-10-29','Male','Ujiyamada [now Ise], Mie, Japan'),(691,'Amrish Puri','1932-06-22','Male','Jalandhar, Punjab, India'),(776,'Eddie Murphy','1961-04-03','Male','Brooklyn, New York City, New York, USA'),(781,'Paul Reiser','1956-03-30','Male','New York City, New York, USA'),(814,'Tony Kaye','1946-01-11','Male','London, United Kingdom'),(819,'Edward Norton','1969-08-18','Male','Boston, Massachusetts, USA'),(820,'Edward Furlong','1977-08-02','Male','Glendale, California, USA'),(821,'Beverly D\'Angelo','1951-11-15','Female','Columbus, Ohio, USA'),(823,'Jennifer Lien','1974-08-24','Female','Palos Heights, Illinois, USA'),(824,'Ethan Suplee','1976-05-25','Male','Manhattan, New York, USA'),(854,'James Stewart','1908-05-20','Male','Indiana, Pennsylvania, USA'),(876,'Jonathan Hensleigh','1959-02-13','Male','Middlesex County, Massachusetts, USA'),(1032,'Martin Scorsese','1942-11-17','Male','Queens, New York City, New York, USA'),(1038,'Jodie Foster','1962-11-19','Female','Los Angeles, California, USA'),(1062,'Christopher Lloyd','1938-10-22','Male','Stamford, Connecticut, USA'),(1063,'Lea Thompson','1961-05-31','Female','Rochester, Minnesota, USA'),(1064,'Crispin Glover','1964-04-20','Male','New York City, New York, USA'),(1066,'Claudia Wells','1966-07-05','Female','Kuala Lumpur, Malaysia'),(1158,'Al Pacino','1940-04-25','Male','New York City, New York, USA'),(1215,'Raja Gosnell','1958-12-09','Male','Los Angeles, California, USA'),(1245,'Scarlett Johansson','1984-11-22','Female','New York City, New York, USA'),(1283,'Helena Bonham Carter','1966-05-26','Female','Golders Green, London, England, UK'),(1327,'Ian McKellen','1939-05-25','Male','Burnley, Lancashire, England, UK'),(1328,'Sean Astin','1971-02-25','Male','Santa Monica, California, USA'),(1333,'Andy Serkis','1964-04-20','Male','Ruislip, Middlesex, England, UK'),(1370,'Brad Dourif','1950-03-18','Male','Huntington, West Virginia, USA'),(1579,'Maggie Gyllenhaal','1977-11-16','Female','Lower East Side, New York City, New York, USA'),(1622,'Chang Chen','1976-10-14','Male','Taipei, Taiwan'),(1776,'Francis Ford Coppola','1939-04-07','Male','Detroit, Michigan, USA'),(1810,'Heath Ledger','1979-04-04','Male','Perth, Western Australia, Australia'),(1813,'Anne Hathaway','1982-11-12','Female','Brooklyn, New York City, New York, USA'),(1893,'Casey Affleck','1975-08-12','Male','Falmouth, Massachusetts, USA'),(1936,'Martin Balsam','1919-11-04','Male','Bronx, New York, USA'),(2034,'Danny Boyle','1956-10-20','Male','Manchester, England, UK'),(2231,'Samuel L. Jackson','1948-12-21','Male','Washington, D.C., USA'),(2249,'Clyde Kusatsu','1948-09-13','Male','Honolulu, Hawaii, USA'),(2282,'Ben Kingsley','1943-12-31','Male','Snainton, North Riding of Yorkshire, England, UK'),(2440,'Bill Nighy','1949-12-12','Male','Caterham, Surrey, England, UK'),(2505,'James Cromwell','1940-01-27','Male','Los Angeles, California, USA'),(2524,'Tom Hardy','1977-09-15','Male','Hammersmith, London, England, UK'),(2636,'Alfred Hitchcock','1899-08-13','Male','Leytonstone, London, England, UK'),(2713,'Linda Hamilton','1956-09-26','Female','Salisbury, Maryland, USA'),(3084,'Marlon Brando','1924-04-03','Male','Omaha, Nebraska, USA'),(3085,'James Caan','1940-03-26','Male','The Bronx, New York City, New York, USA'),(3086,'Richard S. Castellano','1933-09-04','Male','The Bronx, New York City, New York, USA'),(3087,'Robert Duvall','1931-01-05','Male','San Diego, California, USA'),(3092,'Diane Keaton','1946-01-05','Female','Los Angeles, California, USA'),(3096,'John Cazale','1935-08-12','Male','Boston, Massachusetts, USA'),(3265,'Eli Wallach','1915-12-07','Male','Brooklyn, New York City, New York, USA'),(3292,'Nicholas Hoult','1989-12-07','Male','Wokingham, England, UK'),(3490,'Adrien Brody','1973-04-14','Male','Woodhaven, Queens, New York City, New York, USA'),(3491,'Thomas Kretschmann','1962-09-08','Male','Dessau, Germany'),(3556,'Roman Polanski','1933-08-18','Male','Paris, France'),(3799,'Billy Dee Williams','1937-04-06','Male','New York City, New York, USA'),(3810,'Javier Bardem','1969-03-01','Male','Las Palmas de Gran Canaria, Gran Canaria, Canary Islands, Spain'),(3894,'Christian Bale','1974-01-30','Male','Haverfordwest, Pembrokeshire, Wales, UK'),(3895,'Michael Caine','1933-03-14','Male','Rotherhithe, London, England, UK'),(3896,'Liam Neeson','1952-06-07','Male','Ballymena, County Antrim, Northern Ireland, UK'),(3899,'Ken Watanabe','1959-10-21','Male','Uonuma, Niigata, Japan'),(3950,'Len Wiseman','1973-03-04','Male','Fremont, California, USA'),(3974,'Miloš Forman','1932-02-18','Male','Čáslav, Czechoslovakia [now Czech Republic]'),(4027,'Frank Darabont','1959-01-28','Male','Montbéliard, Doubs, France'),(4029,'Bob Gunton','1945-11-15','Male','Santa Monica, California, USA'),(4070,'Grace Kelly','1929-11-12','Female','Philadelphia, Pennsylvania, USA'),(4078,'Lee Van Cleef','1925-01-09','Male','Somerville, New Jersey, USA'),(4173,'Anthony Hopkins','1937-12-31','Male','Margam, Port Talbot, Glamorgan, Wales, UK'),(4385,'Sergio Leone','1929-01-03','Male','Rome, Italy'),(4443,'Christopher McDonald','1955-02-15','Male','New York City, New York, USA'),(4512,'James Woods','1947-04-18','Male','Vernal, Utah, USA'),(4513,'Elizabeth McGovern','1961-07-18','Female','Evanston, Illinois, USA'),(4514,'Tuesday Weld','1943-08-27','Female','New York City, New York, USA'),(4515,'Treat Williams','1951-12-01','Male','Stamford, Connecticut, USA'),(4517,'Joe Pesci','1943-02-09','Male','Newark, New Jersey, USA '),(4818,'Roberto Benigni','1952-10-27','Male','Manciano La Misericordia, Castiglion Fiorentino, Arezzo, Italy'),(5026,'Akira Kurosawa','1910-03-23','Male','Shinagawa, Tokyo Prefecture, Japan'),(5149,'Bonnie Hunt','1961-09-22','Female','Chicago, Illinois, USA'),(5168,'Gabriel Byrne','1950-05-12','Male','Dublin, Ireland'),(5247,'John Fiedler','1925-02-03','Male','Platteville, Wisconsin, USA'),(5248,'Lee J. Cobb','1911-12-08','Male','New York City, New York, USA'),(5249,'E.G. Marshall','1914-06-18','Male','Owatonna, Minnesota, USA'),(5250,'Jack Klugman','1922-04-27','Male','Philadelphia, Pennsylvania, USA'),(5469,'Ralph Fiennes','1962-12-22','Male','Ipswich, Suffolk, England, UK'),(5528,'William Moseley','1987-04-27','Male','Sheepscombe, Gloucestershire, England, UK'),(5657,'Anjelica Huston','1951-07-08','Female','Santa Monica, California, USA'),(5813,'Aldo Giuffrè','1924-04-10','Male','Naples, Italy'),(5814,'Luigi Pistilli','1929-07-19','Male','Grosseto, Toscana, Italy'),(6065,'Dennis Quaid','1954-04-09','Male','Houston, Texas, USA'),(6193,'Leonardo DiCaprio','1974-11-11','Male','Los Angeles, California, USA'),(6217,'Anupam Kher','1955-03-07','Male','Shimla, Himachal Pradesh, India'),(6361,'Nick Hamm','1957-12-10','Male','Belfast, Northern Ireland, UK'),(6383,'Aaron Eckhart','1968-03-12','Male','Cupertino, California, USA'),(6384,'Keanu Reeves','1964-09-02','Male','Beirut, Lebanon'),(6573,'William Sadler','1950-04-13','Male','Buffalo, New York, USA'),(6574,'Clancy Brown','1959-01-05','Male','Urbana, Ohio, USA'),(6637,'Frank Finlay','1926-08-06','Male','Farnworth, Lancashire, England, UK'),(6638,'Maureen Lipman','1946-05-10','Female','Hull, Yorkshire, England, UK'),(6639,'Emilia Fox','1974-07-31','Female','London, England, UK'),(6692,'Caroline Goodall','1959-11-13','Female','London, England, UK'),(6693,'Jonathan Sagall','1959-04-23','Male','Toronto, Ontario, Canada'),(6807,'Sam Rockwell','1968-11-05','Male','Daly City, California, USA'),(6832,'Melissa Leo','1960-09-14','Female','New York City, New York, USA'),(6885,'Charlize Theron','1975-08-07','Female','Benoni, Gauteng, South Africa'),(6886,'Christina Ricci','1980-02-12','Female','Santa Monica, California, USA'),(6972,'Ian McShane','1942-09-29','Male','Blackburn, Lancashire, England, UK'),(7004,'Paul Sorvino','1939-04-13','Male','Brooklyn, New York, USA'),(7071,'Louise Fletcher','1934-07-21','Female','Birmingham, Alabama, USA'),(7072,'William Redfield','1927-01-25','Male','New York City, New York, USA'),(7090,'Kelsey Grammer','1955-02-21','Male','St. Thomas, U.S. Virgin Islands'),(7301,'Anthony Perkins','1932-04-04','Male','New York City, New York, USA'),(7302,'Janet Leigh','1927-07-06','Female',' Merced, California, USA'),(7303,'Vera Miles','1929-08-23','Female','Boise City, Oklahoma, USA'),(7304,'John Gavin','1931-04-08','Male','Los Angeles, California, USA'),(7399,'Ben Stiller','1965-11-30','Male','New York City, New York, USA'),(7450,'Toshirō Mifune','1920-04-01','Male','Qingdao, China'),(7453,'Takashi Shimura','1905-03-12','Male','Ikuno, Hyogo, Japan'),(7454,'Minoru Chiaki','1917-04-28','Male','Hokkaido, Japan'),(7467,'David Fincher','1962-08-28','Male','Denver, Colorado, USA'),(7470,'Meat Loaf','1947-09-27','Male','Dallas, Texas, USA'),(7499,'Jared Leto','1971-12-26','Male','Bossier City, Louisiana, USA'),(7683,'Wendell Corey','1914-03-20','Male','Dracut, Massachusetts, USA'),(7684,'Thelma Ritter','1902-02-14','Female','Brooklyn, New York, USA'),(7685,'Raymond Burr','1917-05-21','Male','New Westminster, British Columbia, Canada'),(8557,'Fernando Meirelles','1955-11-09','Male','São Paulo, São Paulo, Brazil'),(8595,'Alexandre Rodrigues','1983-05-21','Male','Rio de Janeiro, Rio de Janeiro, Brazil'),(8596,'Leandro Firmino','1978-06-24','Male','Rio de Janeiro, Rio de Janeiro, Brazil'),(8597,'Phellipe Haagensen','1984-01-01','Male','Rio de Janeiro, Rio de Janeiro, Brazil'),(8598,'Douglas Silva','1989-09-27','Male','Rio de Janeiro, Rio de Janeiro, Brazil'),(8599,'Jonathan Haagensen','1983-02-23','Male','Rio de Janeiro, Rio de Janeiro, Brazil'),(8600,'Matheus Nachtergaele','1969-01-03','Male','São Paulo, São Paulo, Brazil'),(8891,'John Travolta','1954-02-18','Male','Englewood, New Jersey, USA'),(8944,'Jamie Lee Curtis','1958-11-22','Female','Los Angeles, California, USA'),(9033,'Christopher McQuarrie','1968-10-25','Male','Princeton Junction, New Jersey, USA'),(9048,'Clark Gregg','1962-04-02','Male','Boston, Massachusetts, USA'),(9235,'Nicoletta Braschi','1960-08-10','Female','Cesena, Forlì-Cesena, Emilia-Romagna, Italy'),(9236,'Giorgio Cantarini','1992-12-05','Male','Orvieto, Terni, Umbria, Italy '),(9237,'Giustino Durano','1923-05-05','Male',' Brindisi, Italy '),(9239,'Sergio Bini Bustric',NULL,'Male',NULL),(9720,'Hideo Ishikawa','1969-12-13','Male','Nishinomiya, Hyogo, Japan'),(9778,'Ice Cube','1969-06-15','Male','Los Angeles, California, USA'),(10071,'Tetsuro Tamba','1922-07-17','Male','Tokyo, Japan'),(10127,'Jon Voight','1938-12-29','Male','Yonkers, New York, USA'),(10182,'Ving Rhames','1959-05-12','Male','New York City, New York, USA'),(10297,'Matthew McConaughey','1969-11-04','Male','Uvalde, Texas, USA'),(10920,'Tobias Menzies','1974-03-07','Male','Hammersmith, London, England, UK'),(10930,'Irvin Kershner','1923-04-29','Male','Philadelphia, Pennsylvania, USA'),(11108,'Simon Pegg','1970-02-14','Male','Brockworth, Gloucestershire, England, UK'),(11109,'Nick Frost','1972-03-28','Male',' Dagenham, London, UK'),(11477,'Ray Liotta','1954-12-18','Male','Newark, New Jersey, USA'),(11478,'Lorraine Bracco','1954-10-02','Female','Bay Ridge, Brooklyn, New York City, New York, USA'),(11866,'Joshua Jackson','1978-06-11','Male','Vancouver, British Columbia, Canada'),(12052,'Gwyneth Paltrow','1972-09-27','Female','Los Angeles, California, USA'),(12055,'John Cassini',NULL,'Male',' Toronto, Ontario, Canada'),(12670,'Takuya Kimura','1972-11-13','Male','Chiba, Chiba Prefecture, Japan'),(12786,'Simon West','1961-07-17','Male','Letchworth, Hertfordshire, England, UK'),(12835,'Vin Diesel','1967-07-18','Male','Alameda County, California, USA'),(13251,'Tatsuya Mihashi','1923-11-02','Male','Tokyo, Japan'),(14343,'Rene Russo','1954-02-17','Female','Burbank, California, USA'),(14887,'Paddy Considine','1973-09-05','Male','Burton upon Trent, Staffordshire, England, UK'),(15218,'James Gunn','1966-08-05','Male','St. Louis, Missouri, USA'),(15336,'Dougray Scott','1965-11-25','Male','Glenrothes, Fife, Scotland, UK'),(15854,'Ted Levine','1957-05-29','Male','Parma, Ohio, USA'),(15886,'Julia Louis-Dreyfus','1961-01-13','Female','New York City, New York, USA'),(16293,'Anthony Heald','1944-08-25','Male','New Rochelle, New York, USA'),(16294,'Jonathan Demme','1944-02-22','Male','Baldwin, Long Island, New York, USA'),(16828,'Chris Evans','1981-06-13','Male','Boston, Massachusetts, USA'),(16851,'Josh Brolin','1968-02-12','Male','Santa Monica, Los Angeles, California, USA'),(17276,'Gerard Butler','1969-11-13','Male','Paisley, Scotland, UK '),(17605,'Idris Elba','1972-09-06','Male','Hackney, London, England, UK'),(17743,'Miranda Cosgrove','1993-05-14','Female','Los Angeles, California, USA'),(17832,'Carla Gugino','1971-08-29','Female','Sarasota, Florida, USA'),(18514,'Asia Argento','1975-09-20','Female','Rome, Lazio, Italy'),(18878,'Rob Cohen','1949-03-12','Male','Cornwall, New York, USA'),(18897,'Jackie Chan','1954-04-07','Male','Victoria Peak, Hong Kong'),(18999,'J.K. Simmons','1955-01-09','Male','Detroit, Michigan, USA'),(19154,'Daniel Gillies','1976-03-14','Male','Winnipeg, Manitoba, Canada'),(19292,'Adam Sandler','1966-09-09','Male','Brooklyn, New York, USA'),(19587,'Rumi Hiiragi','1987-08-01','Female','Tokyo, Japan'),(19588,'Miyu Irino','1988-02-19','Male','Tokyo, Japan'),(19589,'Mari Natsuki','1952-05-02','Female','Toshima, Tokyo, Japan'),(19590,'Takashi Naito','1955-05-27','Male','Osaka, Japan'),(19591,'Yasuko Sawaguchi','1965-06-11','Female',' Sakai, Osaka, Japan'),(19592,'Tatsuya Gashûin','1950-12-10','Male','Tokyo, Japan'),(19728,'Mark Harmon','1951-09-02','Male','Burbank, California, USA'),(20030,'Jacques Perrin','1941-07-13','Male','Paris, France'),(20330,'Yuriko Ishida','1969-10-03','Female','Nagoya, Aichi Prefecture, Japan'),(20331,'Yuko Tanaka','1955-04-29','Female','Ikeda, Osaka, Japan'),(20332,'Kaoru Kobayashi','1951-09-04','Male','Kyōto, Kyōto Prefecture, Japan'),(20333,'Masahiko Nishimura','1960-12-12','Male','Toyama, Japan'),(20338,'Akihiro Miwa','1935-05-15','Male','Nagasaki, Nagasaki Prefecture, Japan'),(20373,'Arielle Kebbel','1985-02-19','Female','Winter Park, Florida, USA'),(20400,'Tim Story','1970-03-13','Male','Los Angeles, California, USA'),(20562,'Antoni Corone',NULL,'Male','Willoughby, Ohio, USA'),(20738,'Song Kang-ho','1967-01-17','Male','Gimhae, South Gyeongsang, South Korea'),(20828,'Yoshio Inaba','1920-07-15','Male','Narita, Chiba Prefecture, Japan'),(20829,'Seiji Miyaguchi','1913-11-14','Male','Tokyo, Japan'),(20830,'Isao Kimura','1923-06-22','Male','Senda, Hiroshima Prefecture, Japan'),(20982,'Marton Csokas','1966-06-30','Male','Invercargill, New Zealand'),(21042,'Ebon Moss-Bachrach','1977-03-19','Male','Staten Island, New York, USA'),(21684,'Bong Joon Ho','1969-09-14','Male','Daegu, South Korea'),(21702,'Ming-Na Wen','1963-11-20','Female','Coloane Island, Macau'),(24045,'Joseph Gordon-Levitt','1981-02-17','Male','Los Angeles, California, USA'),(24366,'Philippe Noiret','1930-10-01','Male','Lille, Nord, France'),(26760,'Tsui Hark','1950-02-15','Male','Saigon, Vietnam'),(27428,'Aaron Taylor-Johnson','1990-06-13','Male','High Wycombe, Buckinghamshire, England, UK'),(27578,'Elliot Page','1987-02-21',NULL,'Halifax, Nova Scotia, Canada'),(27631,'Nathaniel Parker','1962-05-18','Male','London, England, UK'),(27643,'Marco Leonardi','1971-11-14','Male','Melbourne, Victoria, Australia'),(28662,'Yunjin Kim','1973-11-07','Female','Seoul, South Korea'),(29234,'Joe Anderson','1982-03-26','Male','England, UK'),(30082,'Benedict Wong','1971-07-03','Male','Eccles, Salford, Greater Manchester, England, UK'),(30487,'Peter Crombie','1952-06-26','Male','USA'),(31171,'Julie Bowen','1970-03-03','Female','Baltimore, Maryland, USA'),(31838,'Danielle Panabaker','1987-09-19','Female','Augusta, Georgia, USA'),(32895,'Kevin James','1965-04-26','Male','Mineola, New York, USA'),(34374,'Kyōko Kagawa','1931-12-05','Female','Aso, Namegata, Ibaragi Prefecture, Japan'),(34612,'Anna Chlumsky','1980-12-03','Female','Chicago, Illinois, USA'),(35029,'David Harbour','1975-04-10','Male','New York City, New York, USA'),(35742,'Shah Rukh Khan','1965-11-02','Male','New Delhi, Delhi, India'),(35771,'Aditya Chopra','1971-05-22','Male','Mumbai, Maharashtra, India'),(36669,'Rupert Friend','1981-10-09','Male','Oxfordshire, England, UK'),(39389,'Titus Welliver','1962-03-12','Male','New Haven, Connecticut, USA'),(39391,'Edi Gathegi','1979-03-10','Male','Nairobi, Kenya'),(39459,'Hayley Atwell','1982-04-05','Female','London, England, UK'),(39658,'Sally Hawkins','1976-04-27','Female','London, England, UK'),(39996,'Sidney Lumet','1924-06-25','Male','Philadelphia, Pennsylvania, USA'),(40481,'Luis Guzmán','1956-08-28','Male','Cayey, Puerto Rico'),(42138,'Victoria Mahoney',NULL,'Female','New York, New York, USA'),(45748,'Mark Rietman',NULL,'Male',NULL),(49265,'Lindsay Lohan','1986-07-02','Female','New York City, New York, USA'),(51683,'Jake McLaughlin','1982-10-07','Male','Paradise, California, USA'),(51797,'Nathan Fillion','1971-03-27','Male','Edmonton, Alberta, Canada'),(51995,'Theo Rossi','1975-06-04','Male','Staten Island, New York City, New York, USA'),(52605,'Eva Longoria','1975-03-15','Female','Corpus Christi, Texas, USA'),(53347,'Michael Roof','1976-11-24','Male',NULL),(53925,'Jared Hess','1979-07-18','Male','Preston, Idaho, USA'),(54856,'Jarlath Conroy','1944-09-30','Male','Galway, Ireland'),(55061,'Kajol','1974-08-05','Female','Mumbai, Maharashtra, India'),(55084,'Sean Faris','1982-03-25','Male','Houston, Texas, USA'),(55174,'Marcus Thomas','1984-05-26','Male','Brussels, Belgium'),(56446,'John Cena','1977-04-23','Male','West Newbury, Massachusetts, USA'),(56680,'Luke Grimes','1984-01-21','Male',' Dayton, Ohio, USA'),(56861,'Tony Leung Ka-fai','1958-02-01','Male','British Hong Kong, UK'),(58225,'Zach Galifianakis','1969-10-01','Male','Wilkesboro, North Carolina, USA'),(58428,'Philip Winchester','1981-03-24','Male','USA'),(58723,'Gilles Marini','1976-01-26','Male','Grasse - Provence-Alpes-Côte d\'Azur - France'),(58724,'Rya Kihlstedt','1970-07-23','Female','Lancaster, Pennsylvania, USA'),(58915,'Nicholas Gleaves','1969-01-01','Male','Bolton, Lancashire, England, UK '),(59502,'Shane Dax Taylor','1975-08-07','Male','Henderson, Kentucky, USA'),(60300,'Darrick Bachman','1969-10-29','Male','Glendale, California, U.S.'),(60482,'Henry Hunter Hall','1996-04-05','Male',NULL),(60898,'Sebastian Stan','1982-08-13','Male','Constanța, Romanian SR [now Romania]'),(61981,'Michael Clarke Duncan','1957-12-10','Male','Chicago, Illinois, USA'),(62105,'Kerry Condon','1983-01-09','Female','Tipperary, Ireland'),(64342,'Craig Robinson','1971-10-25','Male','Chicago, Illinois, USA'),(64439,'Fan Bingbing','1981-09-16','Female','Qingdao, Shandong Province, China'),(64856,'Michael Jai White','1967-11-10','Male','Brooklyn, New York City, New York, USA'),(65314,'Giuseppe Tornatore','1956-05-27','Male','Bagheria, Sicilia, Italia'),(65344,'Esai Morales','1962-10-01','Male','Brooklyn, New York City, New York, USA'),(66193,'Chris Sanders','1962-03-12','Male','Colorado Springs, Colorado, USA'),(66443,'Amara Karan','1984-01-01','Female','Wimbledon, London, UK'),(68635,'Salvatore Cascio','1979-11-08','Male','Palermo, Sicily, Italy'),(69797,'Dean DeBlois','1970-06-07','Male','Brockville, Ontario, Canada'),(70131,'Tatsuya Nakadai','1932-12-13','Male','Tokyo, Japan'),(70851,'Jack Black','1969-08-28','Male','Santa Monica, California, USA'),(71375,'Alden Ehrenreich','1989-11-22','Male','Los Angeles, California, USA'),(72413,'Tsutomu Tatsumi','1972-01-01','Male','Japan'),(72414,'Ayano Shiraishi','1982-01-01','Female','Japan'),(72415,'Yoshiko Shinohara','1948-09-10','Female','Osaka Prefecture, Japan'),(72416,'Akemi Yamaguchi','1946-11-23','Female','Osaka Prefecture, Japan'),(73381,'Matthias Schoenaerts','1977-12-08','Male','Antwerp, Belgium'),(73421,'Joaquin Phoenix','1974-10-28','Male','San Juan, Puerto Rico'),(73659,'Kurt McKinney','1962-02-15','Male','Louisville, Kentucky, USA'),(74091,'Makoto Shinkai','1973-02-09','Male','Koumi, Japan'),(74442,'Jaime Winstone','1985-05-06','Female','Camden, London, England'),(74688,'Keke Palmer','1993-08-26','Female','Harvey, Illinois, USA'),(75309,'Joey Diaz','1963-02-19','Male','Havana, Cuba'),(76976,'Shima Iwashita','1941-01-03','Female','Tokyo, Tokyo Prefecture, Japan'),(76977,'Akira Ishihama','1935-01-29','Male','Tokyo, Japan'),(76978,'Masaki Kobayashi','1916-02-14','Male','Otaru, Hokkaidō, Japan'),(77013,'Deirdre O\'Connell','1951-12-30','Female','Pittsfield, Massachusetts, USA'),(77234,'Priyanka Chopra Jonas','1982-07-18','Female','Jamshedpur, Jharkand, India'),(78804,'Jocelin Donahue','1981-11-08','Female','Bristol, Connecticut, USA'),(80860,'Jonathan Bailey','1988-04-25','Male','Wallingford, Oxfordshire, England, UK'),(83002,'Jessica Chastain','1977-03-24','Female','Southern California, California, USA'),(84740,'Iain Morris','1973-08-06','Male','Woking, Surrey, England, UK'),(84833,'Zach Cregger','1981-03-01','Male','Arlington, Virginia, USA'),(85008,'Sul Kyung-gu','1967-05-14','Male','Seocheon, South Chungcheong, South Korea'),(86270,'Joseph Kosinski','1974-05-03','Male','Marshalltown, Iowa, USA'),(87341,'Selton Mello','1972-12-30','Male','Passos, Minas Gerais, Brazil'),(87817,'Pooch Hall','1976-02-08','Male','Brockton, Massachusetts, USA'),(90571,'Toshihiko Seki','1962-06-11','Male','Sendai, Miyagi, Japan'),(91352,'Horace Cohen','1971-10-15','Male','New York, New York, U.S.A.'),(92614,'Dawn Olivieri','1981-02-08','Female','Seminole, Florida, USA'),(93252,'Kim Hae-sook','1955-12-30','Female','Busan, South Korea'),(93801,'Hiroshi Kamiya','1975-01-28','Male','Matsudo, Chiba, Japan'),(94864,'Max Martini','1969-12-11','Male','Kingston, New York, USA'),(95586,'Masataka Naruse','1950-02-27','Male','Nagasaki Prefecture, Japan'),(96040,'Michael Hamilton-Wright',NULL,'Male',NULL),(102551,'Diogo Vilela','1957-10-28','Male','Rio de Janeiro, Rio de Janeiro, Brazil'),(102560,'Guel Arraes','1953-12-12','Male','Recife, Pernambuco, Brazil'),(103598,'Elaine Jin Yan-Ling','1954-12-15','Female','Taipei, Taiwan'),(107810,'Aleks Paunovic','1969-06-29','Male','Winnipeg, Manitoba, Canada'),(109319,'Nikki Amuka-Bird','1976-02-27','Female','Delta State, Nigeria'),(109743,'Abhimanyu Singh','1975-09-20','Male','Sonpur, Bihar, India'),(110425,'Eamon Farren','1985-05-19','Male','North Queensland, Australia'),(113194,'James Bamford','1967-02-26','Male','Victoria, British Columbia, Canada'),(115290,'Lee Sun-kyun','1975-03-02','Male','韩国,首尔'),(117642,'Jason Momoa','1979-08-01','Male','Honolulu, Hawaii, USA'),(118545,'Dakota Johnson','1989-10-04','Female','Austin, Texas, USA'),(119143,'Kana Hanazawa','1989-02-25','Female','Tokyo, Japan'),(119145,'Hiro Shimono','1980-04-21','Male','Tokyo, Japan'),(120152,'Agnese Nano','1965-11-05','Female','Rome, Italy '),(123757,'Rogério Cardoso','1937-03-07','Male','Mococa, São Paulo, Brazil'),(123758,'Denise Fraga','1964-10-15','Female','Rio de Janeiro, Rio de Janeiro, Brazil'),(123820,'Kim Sang-ho','1970-07-24','Male','Gyeongju, North Gyeongsang, South Korea'),(124304,'Michael Irby','1972-11-16','Male','Palm Springs, California, USA'),(125721,'Masao Mishima','1906-01-02','Male','Niigata, Japan'),(126698,'Kenji Nojima','1976-03-16','Male','Suginami, Tokyo, Japan'),(126809,'Lee Joon-ik','1959-09-21','Male','Seoul, South Korea'),(128026,'Huang Bo','1974-08-26','Male','Qingdao, Shandong Province, China'),(129104,'Melissa Benoist','1988-10-04','Female','Houston, Texas, USA'),(129894,'Gareth Edwards','1975-06-01','Male','Nuneaton, Warwickshire, England, UK'),(130640,'Hailee Steinfeld','1996-12-11','Female','Tarzana, Los Angeles, California, USA'),(136495,'Damien Chazelle','1985-01-19','Male','Providence, Rhode Island, USA'),(140522,'Jandino Asporaat','1981-01-09','Male','Willemstad, Netherlands Antilles'),(141034,'Billy Magnussen','1985-04-20','Male','Woodhaven, New York, USA'),(141610,'Luna Lauren Velez','1964-11-02','Female','Brooklyn, New York City, New York, USA'),(143035,'Edward Yang','1947-11-06','Male','Thượng Hải, Trung Quốc'),(144279,'Arden Cho','1985-08-16','Female','Amarillo, Texas, USA'),(144852,'Richard Harmon','1991-08-18','Male','Mississauga, Ontario, Canada'),(146971,'Farida Jalal','1949-03-14','Female','Bombay, India [now Mumbai]'),(148992,'Austin Abrams','1996-09-02','Male','Sarasota, Florida, USA'),(150162,'Lisa Yang','1975-10-24','Female','Taiwan'),(150802,'Claes Bang','1967-04-28','Male','Odense, Danmark'),(164094,'Marin Ireland','1979-08-30','Female','Camarillo, California, USA'),(185438,'Genndy Tartakovsky','1970-01-17','Male','Moscow, RSFSR, USSR [now Russia]'),(202032,'Ralph Ineson','1969-12-15','Male','Leeds, West Yorkshire, England, UK '),(209063,'Zoë Winters','1985-02-20','Female','Santa Cruz, California, USA'),(216979,'Stephen Phillips',NULL,'Male',NULL),(221098,'Anna Camp','1982-09-27','Female','Aiken, South Carolina, USA'),(221581,'Rebel Wilson','1980-03-02','Female','Sydney, New South Wales, Australia'),(221773,'Saori Hayami','1991-05-29','Female','Tokyo, Japan'),(221840,'Sara Canning','1987-07-14','Female','Gander, Newfoundland and Labrador, Canada'),(222497,'Rob Diamond','1965-12-18','Male','Phoenix, Arizona, U.S.'),(224508,'Luisa Huertas','1951-01-01','Female',' San Salvador, El Salvador'),(224513,'Ana de Armas','1988-04-30','Female','Santa Cruz del Norte, Cuba'),(225730,'Ryunosuke Kamiki','1993-05-19','Male','Saitama, Japan'),(226366,'Brian Tyree Henry','1982-03-31','Male','Fayetteville, North Carolina, USA'),(227564,'Benny Safdie','1986-02-24','Male','New York City, New York, USA'),(228177,'William Kaufman','1974-01-01','Male','Tokyo, Japan'),(229932,'Golshifteh Farahani','1983-07-10','Female','Tehran, Iran'),(232685,'Wuershan','1972-01-01','Male','Hohhot, Inner Mongolia'),(233590,'Yoshitsugu Matsuoka','1986-09-17','Male','Obihiro, Hokkaido, Japan'),(237347,'Juan C. Bofill',NULL,'Male',NULL),(239574,'Eugenio Derbez','1962-09-02','Male','Mexico City, Mexico'),(240735,'Antonio Negret','1982-02-13','Male',NULL),(312870,'Vineet Kumar','1957-02-22','Male','Patna, Bihar, India'),(509344,'Luca Marinelli','1984-10-22','Male','Rome, Italy '),(533325,'Chieko Baisho','1941-06-29','Female','Kita, Tokyo, Japan'),(543505,'Jake Johnson','1978-05-28','Male','Evanston, Illinois, USA'),(544002,'Giulio Berruti','1984-09-27','Male','Rome, Lazio, Italy'),(556356,'Vanessa Kirby','1988-04-18','Female','Wimbledon, London, England, UK'),(556435,'Cho Yeo-jeong','1981-02-10','Female','Seoul, South Korea'),(584878,'Babloo Prithiveeraj','1966-07-18','Male','Bangalore, Karnataka, India'),(587506,'Shameik Moore','1995-05-04','Male','Atlanta, Georgia, USA'),(836732,'Jake Schreier','1981-09-29','Male','Berkeley, California, USA'),(931327,'Christopher Zalla','1974-11-30','Male','Kenya'),(932967,'Mahershala Ali','1974-02-16','Male','Oakland, California, USA'),(935235,'Marwan Kenzari','1983-01-16','Male','The Hague, Netherlands'),(935563,'Tosca Musk','1974-07-20','Female','Pretoria, South Africa'),(936275,'Aoi Yuuki','1992-03-27','Female','Chiba, Japan'),(936670,'Bob Persichetti','1973-01-17','Male',NULL),(936970,'Julia Garner','1994-02-01','Female','The Bronx, New York City, New York, USA'),(941366,'Salvador Garcini',NULL,'Male',NULL),(970216,'Austin Stowell','1984-12-24','Male','Kensington, Connecticut, USA'),(992869,'Ayane Sakura','1994-01-29','Female','Shibuya, Tokyo, Japan'),(993774,'Rachel Brosnahan','1990-07-12','Female','Milwaukee, Wisconsin, USA'),(996701,'Miles Teller','1987-02-20','Male','Downingtown, Pennsylvania, USA'),(997644,'Edvin Ryding','2003-02-04','Male','Stockolm, Sweden'),(1014848,'Kōji Yashiro','1923-06-20','Male','Yamanashi Prefecture, Japan'),(1065297,'Kensho Ono','1989-10-05','Male','Fukuoka, Fukuoka, Japan'),(1071699,'Brian Jordan Alvarez','1987-07-10','Male','Manhattan, New York City, New York, USA'),(1072776,'Ayana Taketatsu','1989-06-23','Female','Saitama, Japan'),(1072778,'Naoko Yamada','1984-11-28','Female','Киото, Япония'),(1075037,'Danielle Brooks','1989-09-17','Female','Augusta, Georgia, USA'),(1079971,'Nobuaki Shirai','1936-01-02','Male','Nagano Prefecture, Japan'),(1088685,'Chang Kuo-Chu','1948-10-17','Male','Yuyao, Zhejiang, China'),(1094385,'LaMonica Garrett','1975-05-23','Male','San Francisco, California, USA'),(1102349,'Juliette van Ardenne','1983-10-10','Female','The Hague, Zuid-Holland, Netherlands'),(1102367,'Chiara D\'Anna',NULL,'Female','Torino, Italy'),(1131215,'Sadie Katz','1978-10-13','Female','Orange County, California, USA'),(1133067,'Kris Phillips','1960-12-24','Male',NULL),(1145520,'Ari Aster','1986-07-15','Male','New York City, New York, USA'),(1152662,'Alejandro Fajardo',NULL,'Male',NULL),(1168097,'Manuel Garcia-Rulfo','1981-02-25','Male','Guadalajara, Jalisco, Mexico'),(1169024,'Ilya Naishuller','1983-11-19','Male','Moscow, RSFSR, USSR [now Russia]'),(1171407,'Werner Kolf',NULL,NULL,NULL),(1180099,'Da\'Vine Joy Randolph','1986-05-21','Female','Philadelphia, Pennsylvania, USA'),(1181022,'Zach Lipovsky','1984-02-07','Male','Vancouver, British Columbia, Canada'),(1188681,'Agnes Albright','1984-09-11','Female','Bielsko-Biala, Slaskie, Poland'),(1203710,'Katarina Leigh Waters','1980-11-10','Female','Lüneburg, Germany'),(1205254,'Ernesto Contreras','1969-10-17','Male','Veracruz, Mexico'),(1210634,'Nobunaga Shimazaki','1988-12-06','Male','Shiogama, Miyagi, Japan'),(1212522,'Matt Shakman','1975-08-08','Male','Ventura, California, USA'),(1213325,'Spencer Brown','1978-01-15','Male','Lichfield, Staffordshire, England, UK'),(1218986,'Bryan Andrews',NULL,'Male',NULL),(1231717,'Marc Maron','1963-09-27','Male','Jersey City, New Jersey, USA'),(1239766,'Nisha Ganatra','1974-06-25','Female','Vancouver, British Columbia, Canada'),(1253360,'Pedro Pascal','1975-04-02','Male','Santiago, Chile'),(1254001,'Kyle Newacheck','1984-01-23','Male','Walnut Creek, California, USA'),(1254260,'Kazuyuki Okitsu','1980-03-08','Male','Kobe, Hyogo, Japan'),(1255318,'Taishi Nakagawa','1998-06-14','Male','Tokyo, Japan'),(1255540,'Allison Williams','1988-04-13','Female','New Canaan, Connecticut, USA'),(1255881,'Choi Woo-shik','1990-03-26','Male','Seoul, South Korea'),(1256603,'Natsuki Hanae','1991-06-26','Male','Fujisawa, Kanagawa, Japan'),(1258549,'Yuki Kaneko','1987-01-19','Female','Kitakyushu, Fukuoka, Japan'),(1261455,'Pierre Perifel',NULL,'Male','Lyon, Rhône, France'),(1262750,'Charlotte Vega','1994-02-10','Female','Madrid, Spain'),(1265254,'Christian Howard','1984-05-04','Male',NULL),(1267329,'Lupita Nyong\'o','1983-03-01','Female','Mexico City, Mexico'),(1281304,'Aaron LaPlante',NULL,'Male',NULL),(1283010,'Haruo Sotozaki',NULL,'Male','Muroran, Hokkaido, Japan'),(1288796,'Gerard Johnstone',NULL,'Male','Invercargill, New Zealand'),(1292258,'Jack Kesy','1986-08-27','Male','New York City, New York, USA'),(1293234,'Chuan Wang','1963-08-06','Female',NULL),(1293710,'Lee Hae-young','1973-01-01','Male','South Korea'),(1299243,'Uhm Ji-won','1977-12-25','Female','Daegu, South Korea'),(1299244,'Lee Re','2006-03-12','Female','Gwangju, South Korea'),(1305610,'Yoson An','1992-06-23','Male','Guangdong Province, China'),(1312450,'Melanie Zanetti','1985-03-20','Female','Sydney - Australia'),(1313564,'Aurora Perrineau','1994-09-23','Female','New York, New York, USA'),(1319939,'Yda Manzano',NULL,'Female',NULL),(1331457,'Sofia Carson','1993-04-10','Female','Fort Lauderdale, Florida, USA'),(1335315,'Georgina Campbell','1992-06-12','Female','Maidstone, Kent, England, UK'),(1364528,'Lee Hanee','1983-03-02','Female',' Seoul, South Korea'),(1369100,'Mone Kamishiraishi','1998-01-27','Female','Kagoshima, Kagoshima Prefecture, Japan'),(1373737,'Florence Pugh','1996-01-03','Female','Oxford, Oxfordshire, England UK'),(1379379,'Benny Emmanuel','1996-12-17','Male','Mexico City, Distrito Federal, Mexico'),(1381186,'Stephanie Hsu','1990-11-25','Female','Torrance, California, USA'),(1382644,'Roy Poortmans',NULL,NULL,NULL),(1388593,'Jodie Comer','1993-03-11','Female','Liverpool, Merseyside, England, UK'),(1395388,'Thomas J. Churchill',NULL,NULL,NULL),(1427948,'Pete Davidson','1993-11-16','Male','Staten Island, New York, USA'),(1442583,'Park So-dam','1991-09-08','Female','Seoul, South Korea'),(1455218,'Miguel Ángel Uriegas',NULL,NULL,NULL),(1456125,'Mervyn Brondial',NULL,NULL,NULL),(1482198,'Owen Patrick Joyner','2000-07-19','Male','Norman, Oklahoma, USA'),(1487864,'Craig Tuohy',NULL,NULL,NULL),(1492326,'Brianna Hildebrand','1996-08-14','Female','College Station, Texas, U.S.'),(1495399,'Masato Jimbo',NULL,'Male',NULL),(1496259,'Brad Moore',NULL,NULL,NULL),(1508206,'Nora Velázquez','1954-01-08','Female','Mexico City, Mexico'),(1508785,'Ellie Bamber','1997-02-02','Female','Surrey, England, UK'),(1530921,'Miku Ito','1996-10-12','Female','Tokyo, Japan'),(1538851,'Kit Connor','2004-03-08','Male','London, England, UK'),(1538879,'Jett Klyne','2009-06-04','Male',NULL),(1540069,'Dean Fleischer Camp','1982-02-28','Male','Richmond, Virginia, U.S.'),(1542878,'Gigi Zumbado',NULL,'Female',NULL),(1547148,'Teo Briones','2005-01-11','Male','Oxford, England, UK'),(1549377,'Shoko Nakamura',NULL,'Female',NULL),(1549908,'Andrés Delgado','1993-10-15','Male','Guadalajara, Jalisco, Mexico'),(1560244,'Anthony Ramos','1991-11-01','Male','New York City, New York, USA'),(1563442,'Akari Kito','1994-10-16','Female','Nagoya, Aichi, Japan'),(1571598,'Ahn Hyo-seop','1995-04-17','Male','Seoul, South Korea'),(1582093,'Kotaro Tamura',NULL,'Male',NULL),(1591370,'Seo Hyun-woo','1983-11-20','Male','Busan, South Korea'),(1593672,'Park Hae-soo','1981-11-21','Male','Suwon, Gyeonggi, South Korea'),(1597365,'Joseph Quinn','1994-01-26','Male','London, England, UK'),(1599391,'Jonah Hauer-King','1995-05-30','Male','London, England, UK'),(1612192,'Chen Muchi','1997-03-04','Male','Changji Hui Autonomous Prefecture, Xinjiang Uygur Autonomous Region, China'),(1620208,'Florence Vos Weeda','1996-06-09','Female','Amersfoort, Utrecht, Netherlands'),(1625558,'Awkwafina','1988-06-02','Female','Stony Brook, Brookhaven, New York, USA'),(1632530,'Iman Benson','2000-06-25','Female','Atlanta, Georgia, USA'),(1634181,'Rich Lee',NULL,'Male',NULL),(1651362,'Julia Butters','2009-04-15','Female','Los Angeles, California, USA'),(1668610,'Ryo Narita','1993-11-22','Male','Saitama Prefecture, Japan'),(1671407,'Kaya Kiyohara','2002-01-30','Female','Osaka, Japan'),(1674284,'Jonathan Entwistle','1984-03-27','Male','Rochdale, England, UK'),(1676582,'Britt Scholte','1997-02-26','Female','Heiloo, North-Holland, Netherlands'),(1688085,'Florine Nüesch',NULL,'Female',NULL),(1691384,'Lynn','1992-06-01','Female','Yokosuka, Kanagawa, Japan'),(1700685,'Lewis Pullman','1993-01-29','Male','Los Angeles, California, USA'),(1765107,'Natasha Kermani',NULL,'Female',NULL),(1772522,'Yume Miyamoto','1997-01-22','Female','Fukuoka, Japan'),(1785590,'David Corenswet','1993-07-08','Male','Philadelphia, Pennsylvania, USA'),(1799858,'Mark Rowley','1990-01-29','Male','Paisley, Renfrewshire, Scotland, UK'),(1814297,'Lee Soo','1993-10-10','Female',NULL),(1820446,'Asami Morikawa',NULL,'Female','Japan'),(1836598,'Jon Olson',NULL,'Male',NULL),(1837297,'Damson Idris','1991-09-02','Male','Peckham, London, England, UK'),(1840063,'Billy Barratt','2007-06-16','Male','Brixton, London, England, UK'),(1844204,'Rhett Wellington Ramirez',NULL,'Male',NULL),(1863450,'Jesse Posey',NULL,'Male',NULL),(1875322,'Daniel Haddad',NULL,'Male',NULL),(1880016,'David Howard Thornton','1979-11-30','Male','Huntsville, Alabama, USA'),(1884703,'KiKi Layne','1991-12-10','Female','Cincinnati, Ohio, USA'),(1889859,'Gio Latooy','1998-09-24','Male','Rotterdam, Zuid-Holland, Netherlands'),(1893251,'Vishwak Sen','1995-03-29','Male','Dilsukhnagar, Hyderabad'),(1907244,'Shan Xin','1989-01-01','Female','Zhengzhou City, Henan Province, China'),(1913029,'Keith Eyles',NULL,NULL,NULL),(1948606,'May Hong',NULL,'Female','South Korea'),(2030076,'Sadie Stanley','2001-11-15','Female','Columbia, South Carolina, USA'),(2041402,'Aimee Stolte',NULL,'Female','Buffalo, New York, USA'),(2043430,'Jenna Davis','2004-05-05','Female','Plano, Texas, USA'),(2056061,'Steven LaMorte',NULL,'Male',NULL),(2064124,'Nico Parker','2004-12-09','Female','Kensal Green, London, UK'),(2070452,'Michael Philippou','1992-11-13','Male','Adelaide, South Australia, Australia'),(2084790,'Xiao Zhan','1991-10-05','Male','Chongqing, China'),(2091809,'Mike Ferguson',NULL,'Male',NULL),(2104260,'Harry Trevaldwyn','1994-02-14','Male','Oxford, England, UK'),(2112439,'Connor Swindells','1996-09-19','Male','West Chiltington, West Sussex, England, UK'),(2123600,'Jason Eric Perlman',NULL,NULL,NULL),(2131391,'Violet McGraw','2011-04-22','Female','California, USA'),(2140028,'Gonzalo Fernandez Carmona',NULL,NULL,NULL),(2156556,'Liu Mingyue','1990-11-11','Male','Baoding, Hebei province, China'),(2164901,'Nana Asada',NULL,'Female','Japan'),(2196313,'Ding Dang','1990-11-25','Male',NULL),(2207399,'Hao Xianghai','1986-07-28','Male','China'),(2258797,'Yurino',NULL,NULL,NULL),(2339317,'Yuntu Cao',NULL,'Male',NULL),(2345991,'James Andrew Fraser',NULL,'Male','Regina, Saskatchewan, Canada'),(2367353,'Yang Yu','1980-01-01','Male','Luzhou, Sichuan Province, China'),(2367355,'Lu Yanting','1987-05-19','Female',NULL),(2367356,'Joseph','1990-10-05','Male',NULL),(2368846,'Han Mo',NULL,'Male',NULL),(2368848,'Chen Hao','1979-02-14','Male','Sichuan, China'),(2368849,'Lu Qi','1925-01-01','Female','Shandong, China'),(2377386,'MTJJ','1984-10-04','Male','Beijing, China'),(2380397,'Micheal Ward','1997-11-18','Male','Spanish Town, Jamaica'),(2430234,'Vincent Vargas',NULL,'Male',NULL),(2451598,'Kemp Powers','1973-10-30','Male','Brooklyn, New York City, New York, USA'),(2459258,'Grace O\'Sullivan',NULL,'Female',NULL),(2476450,'Judah Mackey','2010-12-21','Male',NULL),(2486773,'Jung In',NULL,'Male',NULL),(2513312,'Lee Dong-Joon',NULL,'Male',NULL),(2518227,'Celine Song','1988-09-19','Female','South Korea'),(2553497,'Tae Hee',NULL,'Female',NULL),(2557971,'Yosef Kasnetzkov',NULL,'Male','Honolulu, Hawaii, USA'),(2595115,'Margaux Brooke',NULL,'Female',NULL),(2604515,'Emma Myers','2002-04-02','Female','Orlando, Florida, USA'),(2611997,'Sabrina Zhuang','2001-02-08','Female','Shenyang, Liaoning Province, China'),(2613318,'Edward Drake','1990-12-26','Male','Melbourne, Victoria, Australia'),(2619408,'James','1984-08-08','Male',NULL),(2625592,'Julia Pilkington',NULL,NULL,NULL),(2626272,'Bardo Ellens',NULL,NULL,NULL),(2643437,'Scarlett Diamond',NULL,'Female',NULL),(2680307,'Sebastian Eugene Hansen','2010-04-06','Male','USA'),(2705566,'Sophia Hammons','2006-11-16','Female','South Pasadena, California, USA'),(2803710,'Mason Thames','2007-07-10','Male','Phoenix, Arizona, USA'),(2875508,'Adam Hightower','1986-01-29','Male',NULL),(2946952,'Marouane Meftah','2004-01-01','Male',NULL),(2983147,'Ji-young Yoo','1999-01-01','Female','Denver, Colorado, USA'),(2993340,'Jazlyn Nicolette Sward',NULL,'Female',NULL),(3003169,'Maggie Kang',NULL,'Female','Seoul, South Korea'),(3013234,'Brady Hepner','2005-08-18','Male','Wallburg, North Carolina, USA'),(3025125,'Sydney Agudong','2000-11-13','Female','Kauai, Hawaii, USA'),(3031975,'Shayna Bofill',NULL,NULL,NULL),(3031978,'Andrei Kopilov',NULL,NULL,NULL),(3033265,'Ben Wang','2000-01-01','Male',' Shanghai, China'),(3124678,'Stephen Staley',NULL,'Male','Crewe, Cheshire, England, UK'),(3154351,'Akanksha Sharma','1997-04-14','Female',NULL),(3193743,'Yu Shi','1996-12-22','Male','Chaoyang, Liaoning Province, China'),(3253214,'Mischa Heywood',NULL,'Female',NULL),(3323741,'Kelly Rian Sanson',NULL,'Female','UK'),(3427171,'Sven Ironside',NULL,NULL,NULL),(3444018,'Amie Donald','2010-01-29','Female','Auckland, New Zealand'),(3480304,'Kaitlyn Santa Juana','1997-04-19','Female','Langley, British Columbia, Canada'),(3486663,'Corey Mylchreest','1998-05-08','Male','Waltham Forest, London, England'),(3587737,'Lila Lasso',NULL,'Female','Los Angeles, California, USA'),(3718714,'Jem Milton',NULL,'Female',NULL),(3731720,'Amy Schumacher',NULL,NULL,NULL),(3773484,'Masayo Sakai',NULL,NULL,NULL),(3792786,'Gabriel Howell','1998-02-19','Male','Edinburgh, Scotland, UK'),(3878240,'Christy Imperial',NULL,'Female',NULL),(3882558,'Esmé Kingdom',NULL,'Female',NULL),(3895926,'Jennifer Trejo',NULL,NULL,NULL),(3895927,'Mia Fernanda Solis',NULL,NULL,NULL),(3895928,'Danilo Guardiola Escobar',NULL,NULL,NULL),(3966921,'Madison Bills',NULL,'Male',NULL),(3988423,'Maia Kealoha','2016-12-14','Female','Honolulu, Hawaii, USA'),(4002427,'Tony Cortez',NULL,NULL,NULL),(4097903,'Charlotte Coleman',NULL,NULL,NULL),(4161214,'Adam Woodward','1992-06-10','Male','Worcestershire, Angleterre, Royaume-Uni'),(4176055,'Nashi','1989-12-06','Female','Inner Mongolia, China'),(4217537,'Andrea M. Catinella',NULL,'Male',NULL),(4429415,'Tade Adebajo',NULL,'Female',NULL),(4479440,'Allison Pittel',NULL,NULL,NULL),(4488113,'Kei Ogawa','1955-11-27','Female','Yokohama, Kanagawa, Japan'),(4676098,'Candy Veloso',NULL,'Female',NULL),(4676099,'Seonwoo Kim',NULL,'Male',NULL),(4741316,'Jonah Wren Phillips',NULL,'Male',NULL),(4809370,'Bayaertu',NULL,'Male','Inner Mongolia, China'),(4843447,'Benjamin Joel Arcé',NULL,NULL,NULL),(4905413,'Lisandro Morales',NULL,NULL,NULL),(5107934,'Alfie Williams','2011-01-03','Male','Newcastle upon Tyne, England, UK'),(5137536,'Zhang Wenxin','1997-04-27','Female',NULL),(5208022,'Gledisa Arthur',NULL,NULL,NULL),(5240969,'Ram Narayan',NULL,NULL,NULL),(5538791,'Saksham Sharma',NULL,'Male',NULL);
/*!40000 ALTER TABLE `person` ENABLE KEYS */;
UNLOCK TABLES;

--
-- Table structure for table `rating`
--

DROP TABLE IF EXISTS `rating`;
/*!40101 SET @saved_cs_client     = @@character_set_client */;
/*!50503 SET character_set_client = utf8mb4 */;
CREATE TABLE `rating` (
  `UserID` int NOT NULL,
  `MovieID` int NOT NULL,
  `Score` int NOT NULL,
  `RatedAt` timestamp NULL DEFAULT CURRENT_TIMESTAMP,
  PRIMARY KEY (`UserID`,`MovieID`),
  KEY `MovieID` (`MovieID`),
  CONSTRAINT `rating_ibfk_1` FOREIGN KEY (`UserID`) REFERENCES `user` (`UserID`) ON DELETE CASCADE,
  CONSTRAINT `rating_ibfk_2` FOREIGN KEY (`MovieID`) REFERENCES `movie` (`MovieID`) ON DELETE CASCADE,
  CONSTRAINT `rating_chk_1` CHECK (((`Score` >= 1) and (`Score` <= 10)))
) ENGINE=InnoDB DEFAULT CHARSET=utf8mb4 COLLATE=utf8mb4_unicode_ci;
/*!40101 SET character_set_client = @saved_cs_client */;

--
-- Dumping data for table `rating`
--

LOCK TABLES `rating` WRITE;
/*!40000 ALTER TABLE `rating` DISABLE KEYS */;
/*!40000 ALTER TABLE `rating` ENABLE KEYS */;
UNLOCK TABLES;

--
-- Table structure for table `user`
--

DROP TABLE IF EXISTS `user`;
/*!40101 SET @saved_cs_client     = @@character_set_client */;
/*!50503 SET character_set_client = utf8mb4 */;
CREATE TABLE `user` (
  `UserID` int NOT NULL AUTO_INCREMENT,
  `Username` varchar(100) COLLATE utf8mb4_unicode_ci NOT NULL,
  `Email` varchar(255) COLLATE utf8mb4_unicode_ci NOT NULL,
  `PasswordHash` varchar(255) COLLATE utf8mb4_unicode_ci NOT NULL,
  `CreatedAt` timestamp NULL DEFAULT CURRENT_TIMESTAMP,
  PRIMARY KEY (`UserID`),
  UNIQUE KEY `Username` (`Username`),
  UNIQUE KEY `Email` (`Email`)
) ENGINE=InnoDB DEFAULT CHARSET=utf8mb4 COLLATE=utf8mb4_unicode_ci;
/*!40101 SET character_set_client = @saved_cs_client */;

--
-- Dumping data for table `user`
--

LOCK TABLES `user` WRITE;
/*!40000 ALTER TABLE `user` DISABLE KEYS */;
/*!40000 ALTER TABLE `user` ENABLE KEYS */;
UNLOCK TABLES;

--
-- Temporary view structure for view `v_genrestats`
--

DROP TABLE IF EXISTS `v_genrestats`;
/*!50001 DROP VIEW IF EXISTS `v_genrestats`*/;
SET @saved_cs_client     = @@character_set_client;
/*!50503 SET character_set_client = utf8mb4 */;
/*!50001 CREATE VIEW `v_genrestats` AS SELECT 
 1 AS `GenreName`,
 1 AS `NumberOfMovies`,
 1 AS `AverageScore`*/;
SET character_set_client = @saved_cs_client;

--
-- Temporary view structure for view `v_moviewithdirector`
--

DROP TABLE IF EXISTS `v_moviewithdirector`;
/*!50001 DROP VIEW IF EXISTS `v_moviewithdirector`*/;
SET @saved_cs_client     = @@character_set_client;
/*!50503 SET character_set_client = utf8mb4 */;
/*!50001 CREATE VIEW `v_moviewithdirector` AS SELECT 
 1 AS `MovieID`,
 1 AS `Title`,
 1 AS `ReleaseYear`,
 1 AS `TMDbScore`,
 1 AS `Country`,
 1 AS `DirectorName`*/;
SET character_set_client = @saved_cs_client;

--
-- Final view structure for view `v_genrestats`
--

/*!50001 DROP VIEW IF EXISTS `v_genrestats`*/;
/*!50001 SET @saved_cs_client          = @@character_set_client */;
/*!50001 SET @saved_cs_results         = @@character_set_results */;
/*!50001 SET @saved_col_connection     = @@collation_connection */;
/*!50001 SET character_set_client      = utf8mb4 */;
/*!50001 SET character_set_results     = utf8mb4 */;
/*!50001 SET collation_connection      = utf8mb4_0900_ai_ci */;
/*!50001 CREATE ALGORITHM=UNDEFINED */
/*!50013 DEFINER=`root`@`localhost` SQL SECURITY DEFINER */
/*!50001 VIEW `v_genrestats` AS select `g`.`GenreName` AS `GenreName`,count(`m`.`MovieID`) AS `NumberOfMovies`,round(avg(`m`.`TMDbScore`),2) AS `AverageScore` from ((`genre` `g` join `movie_genre` `mg` on((`g`.`GenreID` = `mg`.`GenreID`))) join `movie` `m` on((`mg`.`MovieID` = `m`.`MovieID`))) where (`m`.`TMDbScore` is not null) group by `g`.`GenreName` */;
/*!50001 SET character_set_client      = @saved_cs_client */;
/*!50001 SET character_set_results     = @saved_cs_results */;
/*!50001 SET collation_connection      = @saved_col_connection */;

--
-- Final view structure for view `v_moviewithdirector`
--

/*!50001 DROP VIEW IF EXISTS `v_moviewithdirector`*/;
/*!50001 SET @saved_cs_client          = @@character_set_client */;
/*!50001 SET @saved_cs_results         = @@character_set_results */;
/*!50001 SET @saved_col_connection     = @@collation_connection */;
/*!50001 SET character_set_client      = utf8mb4 */;
/*!50001 SET character_set_results     = utf8mb4 */;
/*!50001 SET collation_connection      = utf8mb4_0900_ai_ci */;
/*!50001 CREATE ALGORITHM=UNDEFINED */
/*!50013 DEFINER=`root`@`localhost` SQL SECURITY DEFINER */
/*!50001 VIEW `v_moviewithdirector` AS select `m`.`MovieID` AS `MovieID`,`m`.`Title` AS `Title`,`m`.`ReleaseYear` AS `ReleaseYear`,`m`.`TMDbScore` AS `TMDbScore`,`m`.`Country` AS `Country`,`p`.`FullName` AS `DirectorName` from (`movie` `m` join `person` `p` on((`m`.`DirectorID` = `p`.`PersonID`))) */;
/*!50001 SET character_set_client      = @saved_cs_client */;
/*!50001 SET character_set_results     = @saved_cs_results */;
/*!50001 SET collation_connection      = @saved_col_connection */;
/*!40103 SET TIME_ZONE=@OLD_TIME_ZONE */;

/*!40101 SET SQL_MODE=@OLD_SQL_MODE */;
/*!40014 SET FOREIGN_KEY_CHECKS=@OLD_FOREIGN_KEY_CHECKS */;
/*!40014 SET UNIQUE_CHECKS=@OLD_UNIQUE_CHECKS */;
/*!40101 SET CHARACTER_SET_CLIENT=@OLD_CHARACTER_SET_CLIENT */;
/*!40101 SET CHARACTER_SET_RESULTS=@OLD_CHARACTER_SET_RESULTS */;
/*!40101 SET COLLATION_CONNECTION=@OLD_COLLATION_CONNECTION */;
/*!40111 SET SQL_NOTES=@OLD_SQL_NOTES */;

-- Dump completed on 2025-08-16 15:54:28
